[info] welcome to sbt 1.12.11 (Eclipse Adoptium Java 25.0.3)
[info] loading project definition from C:\Users\felip\Projects\airline\airline-data\project\project
[info] loading settings for project airline-data-build from plugins.sbt...
[info] loading project definition from C:\Users\felip\Projects\airline\airline-data\project
[info] loading settings for project airline-data from build.sbt...
[info] set current project to airline-data (in build file:/C:/Users/felip/Projects/airline/airline-data/)
[info] running (fork) com.patson.MainSimulation 
[info] [WARN] [05/15/2026 21:01:31.688] [main] [org.apache.pekko.remote.RemoteActorRefProvider] Using the 'remote' ActorRefProvider directly, which is a low-level layer. For most use cases, the 'cluster' abstraction on top of remoting is more suitable instead.
[info] [WARN] [05/15/2026 21:01:31.689] [main] [org.apache.pekko.remote.RemoteActorRefProvider] Pekko Cluster not in use - Using Pekko Cluster is recommended if you need remote watch and deploy.
[info] [INFO] [05/15/2026 21:01:31.867] [main] [ArteryTransport(pekko://websocketActorSystem)] Remoting started with transport [Artery tcp]; listening on address [pekko://websocketActorSystem@127.0.0.1:2552] with UID [2140373438858598466]
[info] registered the mainActor to the event stream!
[info] !!!!!!!!!!!!!!!DB HOST IS localhost:3306
[info] !!!!!!!!!!!!!!!FINAL DB str jdbc:mysql://localhost:3306/airline?rewriteBatchedStatements=true&sslMode=DISABLED&useUnicode=true&characterEncoding=utf-8&allowPublicKeyRetrieval=true&socketTimeout=90000&connectTimeout=10000 with user root
[info] 21:01:31 WARN  com.zaxxer.hikari.HikariConfig - HikariPool-1 - idleTimeout has been set but has no effect because the pool is operating as a fixed size pool.
[info] Actor[pekko://websocketActorSystem@127.0.0.1:2553/user/local-main-actor#-1462722414]() subscribed
[info] cycle 54 starting!
[info] Bridge actor: received from simulation that CycleStart(54,1778889943800)
[info] Initializing caches...
[info] Airport cache initialization completed in 4202ms
[info] starting resetting strict threshold - active before Wed Apr 15 21:05:48 GMT-03:00 2026; and generous threshold - active before Wed Apr 15 21:05:48 GMT-03:00 2026
[info] Event simulation
[info] Event simulation done
[info] Bot pricing simulation
[info] [BotPricing] cycle 54: adjusting 3374 bot link prices
[info] Bot pricing simulation done
[info] Link simulation starting
[info] Loading all links
[info] Finished loading all links
[info] Loading airports
[info] Loaded 3614 airports
[info] Generating Gaussian pool...
[info] Finished generating pool of 1000000
[info] Generated 2144779 demand chunks from regular/elite demand
[info] Generated 0 event demand chunks
[info] DONE with demand total demand: 32115300
[info] [ParallelConsume] cores=28
[info] Total active airports: 1649
[info] >> Transfer base specs: 0
[info] Map()
[info] Remove demand groups not covered by active airports, before 2144779
[info] After pruning : 1505152
[info] Simple Cost modifiers Map()
[info] Run loop 0 for 1505152 demand chunks
[info] available links: 6639 of 28771
[info] Demand chunks saved for later: 356626
[info] Demand chunks already removed: 639627
[info] Find required routes...Done!
[info] Total passenger groups: 25926
[info] Hops: 3; calculating chunks >= 0 size
[info] ..........10% ..........20% ..........30% ..........40% ..........50% ..........60% ..........70% ..........80% ..........90% ..........100% Done! (8093 ms)
[info] Run loop 1 for 512993 demand chunks
[info] available links: 6047 of 28771
[info] Demand chunks saved for later: 387990
[info] Demand chunks already removed: 1456555
[info] Find required routes...Done!
[info] Total passenger groups: 11309
[info] Hops: 3; calculating chunks >= 8 size
[info] ..........10% ..........20% ..........30% ..........40% ..........50% ..........60% ..........70% ..........80% ..........90% ..........100% Done! (2728 ms)
[info] Run loop 2 for 450806 demand chunks
[info] available links: 6114 of 28771
[info] Demand chunks saved for later: 365394
[info] Demand chunks already removed: 1501334
[info] Find required routes...Done!
[info] Total passenger groups: 8778
[info] Hops: 3; calculating chunks >= 4 size
[info] ..........10% ..........20% ..........30% ..........40% ..........50% ..........60% ..........70% ..........80% ..........90% ..........100% Done! (1701 ms)
[info] Run loop 3 for 420964 demand chunks
[info] available links: 6256 of 28771
[info] Demand chunks saved for later: 356626
[info] Demand chunks already removed: 1524749
[info] Find required routes...Done!
[info] Total passenger groups: 8448
[info] Hops: 3; calculating chunks >= 0 size
[info] ..........10% ..........20% ..........30% ..........40% ..........50% ..........60% ..........70% ..........80% ..........90% ..........100% Done! (1654 ms)
[info] Run loop 4 for 404296 demand chunks
[info] available links: 5776 of 28771
[info] Demand chunks saved for later: 369052
[info] Demand chunks already removed: 1536913
[info] Find required routes...Done!
[info] Total passenger groups: 4151
[info] Hops: 3; calculating chunks >= 8 size
[info] ..........10% ..........20% ..........30% ..........40% ..........50% ..........60% ..........70% ..........80% ..........90% ..........100% .Done! (688 ms)
[info] Run loop 5 for 397686 demand chunks
[info] available links: 5989 of 28771
[info] Demand chunks saved for later: 48249
[info] Demand chunks already removed: 1542270
[info] Find required routes...Done!
[info] Total passenger groups: 11125
[info] Hops: 4; calculating chunks >= 4 size
[info] ..........10% ..........20% ..........30% ..........40% ..........50% ..........60% ..........70% ..........80% ..........90% ..........100% Done! (3234 ms)
[info] Run loop 6 for 120451 demand chunks
[info] available links: 5911 of 28771
[info] Demand chunks saved for later: 0
[info] Demand chunks already removed: 1774334
[info] Find required routes...Done!
[info] Total passenger groups: 11254
[info] Hops: 4; calculating chunks >= 0 size
[info] ..........10% ..........20% ..........30% ..........40% ..........50% ..........60% ..........70% ..........80% ..........90% ..........100% Done! (3018 ms)
[info] Run loop 7 for 51398 demand chunks
[info] available links: 5170 of 28771
[info] Demand chunks saved for later: 19579
[info] Demand chunks already removed: 1834457
[info] Find required routes...Done!
[info] Total passenger groups: 4326
[info] Hops: 5; calculating chunks >= 8 size
[info] ..........10% ..........20% ..........30% ..........40% ..........50% ..........60% ..........70% ..........80% ..........90% ..........100% Done! (706 ms)
[info] Run loop 8 for 41977 demand chunks
[info] available links: 5437 of 28771
[info] Demand chunks saved for later: 6564
[info] Demand chunks already removed: 1842753
[info] Find required routes...Done!
[info] Total passenger groups: 3934
[info] Hops: 5; calculating chunks >= 4 size
[info] ..........10% ..........20% ..........30% ..........40% ..........50% ..........60% ..........70% ..........80% ..........90% ..........100% Done! (902 ms)
[info] Run loop 9 for 35032 demand chunks
[info] available links: 5727 of 28771
[info] Demand chunks saved for later: 0
[info] Demand chunks already removed: 1848696
[info] Find required routes...Done!
[info] Total passenger groups: 5371
[info] Hops: 5; calculating chunks >= 0 size
[info] ..........10% ..........20% ..........30% ..........40% ..........50% ..........60% ..........70% ..........80% ..........90% ..........100% .Done! (1448 ms)
[info] [BookingCheck] PASS (28771 links)
[info] [ParallelConsume] total consume phase: 25089 ms
[info] Total chunks that consume something 265919
[info] Total transported pax 5048059
[info] Total tickets sold 5536482
[info] Total empty seats 1782117
[info] Global load factor 0,76
[info] Total missed pax 26650376
[info] Tallying airline & stats
[info] Tallying flight, airport, country stats
[info] Processing 132961 consumption entries in parallel
[info] Processing airport stats for 1281 airports...
[info] Finished building 1281 airport stats
[info] Saving generated stats to DB
[info] Deleted 9610 link statistics records
[info] Saving country market share to DB
[info] Generating Olympics stats
[info] Generated olympics country stats
[info] Saving 132961 consumptions
[info] Rotating tables
[info] Finished rotating tables
[info] Saving missed demand snapshot
[info] Calculating profits by links
[info] 21:07:22 WARN  c.zaxxer.hikari.pool.ProxyLeakTask - Connection leak detection triggered for com.mysql.cj.jdbc.ConnectionImpl@3f5b21dc on thread scala-execution-context-global-111, stack trace follows
[info] java.lang.Exception: Apparent connection leak detected
[info] 	at com.zaxxer.hikari.HikariDataSource.getConnection(HikariDataSource.java:99)
[info] 	at com.patson.data.Meta$.getConnection(Meta.scala:37)
[info] 	at com.patson.data.AirplaneSource$.loadAirplanesByQueryString(AirplaneSource.scala:34)
[info] 	at com.patson.data.AirplaneSource$.loadAirplanesCriteria(AirplaneSource.scala:30)
[info] 	at com.patson.data.AirplaneSource$.loadAirplanesByOwner(AirplaneSource.scala:68)
[info] 	at com.patson.util.AirplaneOwnershipCache$SimpleLoader.load(AirplaneOwnershipCache.scala:30)
[info] 	at com.patson.util.AirplaneOwnershipCache$SimpleLoader.load(AirplaneOwnershipCache.scala:28)
[info] 	at com.github.benmanes.caffeine.cache.LocalLoadingCache.lambda$newMappingFunction$0(LocalLoadingCache.java:185)
[info] 	at com.github.benmanes.caffeine.cache.BoundedLocalCache.lambda$doComputeIfAbsent$0(BoundedLocalCache.java:2707)
[info] 	at java.base/java.util.concurrent.ConcurrentHashMap.compute(ConcurrentHashMap.java:1932)
[info] 	at com.github.benmanes.caffeine.cache.BoundedLocalCache.doComputeIfAbsent(BoundedLocalCache.java:2705)
[info] 	at com.github.benmanes.caffeine.cache.BoundedLocalCache.computeIfAbsent(BoundedLocalCache.java:2686)
[info] 	at com.github.benmanes.caffeine.cache.LocalCache.computeIfAbsent(LocalCache.java:112)
[info] 	at com.github.benmanes.caffeine.cache.LocalLoadingCache.get(LocalLoadingCache.java:60)
[info] 	at com.patson.util.AirplaneOwnershipCache$.getOwnershipInfo(AirplaneOwnershipCache.scala:12)
[info] 	at com.patson.model.airplane.AirplaneMaintenanceUtil$.$anonfun$getMaintenanceFactor$1(AirplaneMaintenanceUtil.scala:11)
[info] 	at scala.runtime.java8.JFunction0$mcD$sp.apply(JFunction0$mcD$sp.scala:17)
[info] 	at scala.Option.getOrElse(Option.scala:201)
[info] 	at com.patson.model.airplane.AirplaneMaintenanceUtil$.getMaintenanceFactor(AirplaneMaintenanceUtil.scala:11)
[info] 	at com.patson.LinkSimulation$.computeLinkAndLoungeConsumptionDetail(LinkSimulation.scala:351)
[info] 	at com.patson.LinkSimulation$.$anonfun$linkSimulation$24(LinkSimulation.scala:157)
[info] 	at scala.collection.parallel.AugmentedIterableIterator.map2combiner(RemainsIterator.scala:107)
[info] 	at scala.collection.parallel.AugmentedIterableIterator.map2combiner$(RemainsIterator.scala:104)
[info] 	at scala.collection.parallel.immutable.ParVector$ParVectorIterator.map2combiner(ParVector.scala:70)
[info] 	at scala.collection.parallel.ParIterableLike$Map.leaf(ParIterableLike.scala:1020)
[info] 	at scala.collection.parallel.Task.$anonfun$tryLeaf$1(Tasks.scala:52)
[info] 	at scala.runtime.java8.JFunction0$mcV$sp.apply(JFunction0$mcV$sp.scala:18)
[info] 	at scala.util.control.Breaks$$anon$1.catchBreak(Breaks.scala:97)
[info] 	at scala.collection.parallel.Task.tryLeaf(Tasks.scala:55)
[info] 	at scala.collection.parallel.Task.tryLeaf$(Tasks.scala:49)
[info] 	at scala.collection.parallel.ParIterableLike$Map.tryLeaf(ParIterableLike.scala:1017)
[info] 	at scala.collection.parallel.AdaptiveWorkStealingTasks$AWSTWrappedTask.internal(Tasks.scala:159)
[info] 	at scala.collection.parallel.AdaptiveWorkStealingTasks$AWSTWrappedTask.internal$(Tasks.scala:156)
[info] 	at scala.collection.parallel.AdaptiveWorkStealingForkJoinTasks$AWSFJTWrappedTask.internal(Tasks.scala:304)
[info] 	at scala.collection.parallel.AdaptiveWorkStealingTasks$AWSTWrappedTask.compute(Tasks.scala:149)
[info] 	at scala.collection.parallel.AdaptiveWorkStealingTasks$AWSTWrappedTask.compute$(Tasks.scala:148)
[info] 	at scala.collection.parallel.AdaptiveWorkStealingForkJoinTasks$AWSFJTWrappedTask.compute(Tasks.scala:304)
[info] 	at java.base/java.util.concurrent.RecursiveAction.exec(RecursiveAction.java:194)
[info] 	at java.base/java.util.concurrent.ForkJoinTask.doExec(ForkJoinTask.java:511)
[info] 	at java.base/java.util.concurrent.ForkJoinPool$WorkQueue.topLevelExec(ForkJoinPool.java:1450)
[info] 	at java.base/java.util.concurrent.ForkJoinPool.runWorker(ForkJoinPool.java:2019)
[info] 	at java.base/java.util.concurrent.ForkJoinWorkerThread.run(ForkJoinWorkerThread.java:187)
[info] 21:07:22 WARN  c.zaxxer.hikari.pool.ProxyLeakTask - Connection leak detection triggered for com.mysql.cj.jdbc.ConnectionImpl@5c9828ed on thread scala-execution-context-global-104, stack trace follows
[info] java.lang.Exception: Apparent connection leak detected
[info] 	at com.zaxxer.hikari.HikariDataSource.getConnection(HikariDataSource.java:99)
[info] 	at com.patson.data.Meta$.getConnection(Meta.scala:37)
[info] 	at com.patson.data.AirplaneSource$.loadAirplanesByQueryString(AirplaneSource.scala:34)
[info] 	at com.patson.data.AirplaneSource$.loadAirplanesCriteria(AirplaneSource.scala:30)
[info] 	at com.patson.data.AirplaneSource$.loadAirplanesByOwner(AirplaneSource.scala:68)
[info] 	at com.patson.util.AirplaneOwnershipCache$SimpleLoader.load(AirplaneOwnershipCache.scala:30)
[info] 	at com.patson.util.AirplaneOwnershipCache$SimpleLoader.load(AirplaneOwnershipCache.scala:28)
[info] 	at com.github.benmanes.caffeine.cache.LocalLoadingCache.lambda$newMappingFunction$0(LocalLoadingCache.java:185)
[info] 	at com.github.benmanes.caffeine.cache.BoundedLocalCache.lambda$doComputeIfAbsent$0(BoundedLocalCache.java:2707)
[info] 	at java.base/java.util.concurrent.ConcurrentHashMap.compute(ConcurrentHashMap.java:1932)
[info] 	at com.github.benmanes.caffeine.cache.BoundedLocalCache.doComputeIfAbsent(BoundedLocalCache.java:2705)
[info] 	at com.github.benmanes.caffeine.cache.BoundedLocalCache.computeIfAbsent(BoundedLocalCache.java:2686)
[info] 	at com.github.benmanes.caffeine.cache.LocalCache.computeIfAbsent(LocalCache.java:112)
[info] 	at com.github.benmanes.caffeine.cache.LocalLoadingCache.get(LocalLoadingCache.java:60)
[info] 	at com.patson.util.AirplaneOwnershipCache$.getOwnershipInfo(AirplaneOwnershipCache.scala:12)
[info] 	at com.patson.model.airplane.AirplaneMaintenanceUtil$.$anonfun$getMaintenanceFactor$1(AirplaneMaintenanceUtil.scala:11)
[info] 	at scala.runtime.java8.JFunction0$mcD$sp.apply(JFunction0$mcD$sp.scala:17)
[info] 	at scala.Option.getOrElse(Option.scala:201)
[info] 	at com.patson.model.airplane.AirplaneMaintenanceUtil$.getMaintenanceFactor(AirplaneMaintenanceUtil.scala:11)
[info] 	at com.patson.LinkSimulation$.computeLinkAndLoungeConsumptionDetail(LinkSimulation.scala:351)
[info] 	at com.patson.LinkSimulation$.$anonfun$linkSimulation$24(LinkSimulation.scala:157)
[info] 	at scala.collection.parallel.AugmentedIterableIterator.map2combiner(RemainsIterator.scala:107)
[info] 	at scala.collection.parallel.AugmentedIterableIterator.map2combiner$(RemainsIterator.scala:104)
[info] 	at scala.collection.parallel.immutable.ParVector$ParVectorIterator.map2combiner(ParVector.scala:70)
[info] 	at scala.collection.parallel.ParIterableLike$Map.leaf(ParIterableLike.scala:1020)
[info] 	at scala.collection.parallel.Task.$anonfun$tryLeaf$1(Tasks.scala:52)
[info] 	at scala.runtime.java8.JFunction0$mcV$sp.apply(JFunction0$mcV$sp.scala:18)
[info] 	at scala.util.control.Breaks$$anon$1.catchBreak(Breaks.scala:97)
[info] 	at scala.collection.parallel.Task.tryLeaf(Tasks.scala:55)
[info] 	at scala.collection.parallel.Task.tryLeaf$(Tasks.scala:49)
[info] 	at scala.collection.parallel.ParIterableLike$Map.tryLeaf(ParIterableLike.scala:1017)
[info] 	at scala.collection.parallel.AdaptiveWorkStealingTasks$AWSTWrappedTask.compute(Tasks.scala:152)
[info] 	at scala.collection.parallel.AdaptiveWorkStealingTasks$AWSTWrappedTask.compute$(Tasks.scala:148)
[info] 	at scala.collection.parallel.AdaptiveWorkStealingForkJoinTasks$AWSFJTWrappedTask.compute(Tasks.scala:304)
[info] 	at java.base/java.util.concurrent.RecursiveAction.exec(RecursiveAction.java:194)
[info] 	at java.base/java.util.concurrent.ForkJoinTask.doExec(ForkJoinTask.java:511)
[info] 	at java.base/java.util.concurrent.ForkJoinPool$WorkQueue.topLevelExec(ForkJoinPool.java:1450)
[info] 	at java.base/java.util.concurrent.ForkJoinPool.runWorker(ForkJoinPool.java:2019)
[info] 	at java.base/java.util.concurrent.ForkJoinWorkerThread.run(ForkJoinWorkerThread.java:187)
[info] 21:07:22 WARN  c.zaxxer.hikari.pool.ProxyLeakTask - Connection leak detection triggered for com.mysql.cj.jdbc.ConnectionImpl@640a1c83 on thread scala-execution-context-global-115, stack trace follows
[info] java.lang.Exception: Apparent connection leak detected
[info] 	at com.zaxxer.hikari.HikariDataSource.getConnection(HikariDataSource.java:99)
[info] 	at com.patson.data.Meta$.getConnection(Meta.scala:37)
[info] 	at com.patson.data.AirplaneSource$.loadAirplanesByQueryString(AirplaneSource.scala:34)
[info] 	at com.patson.data.AirplaneSource$.loadAirplanesCriteria(AirplaneSource.scala:30)
[info] 	at com.patson.data.AirplaneSource$.loadAirplanesByOwner(AirplaneSource.scala:68)
[info] 	at com.patson.util.AirplaneOwnershipCache$SimpleLoader.load(AirplaneOwnershipCache.scala:30)
[info] 	at com.patson.util.AirplaneOwnershipCache$SimpleLoader.load(AirplaneOwnershipCache.scala:28)
[info] 	at com.github.benmanes.caffeine.cache.LocalLoadingCache.lambda$newMappingFunction$0(LocalLoadingCache.java:185)
[info] 	at com.github.benmanes.caffeine.cache.BoundedLocalCache.lambda$doComputeIfAbsent$0(BoundedLocalCache.java:2707)
[info] 	at java.base/java.util.concurrent.ConcurrentHashMap.compute(ConcurrentHashMap.java:1932)
[info] 	at com.github.benmanes.caffeine.cache.BoundedLocalCache.doComputeIfAbsent(BoundedLocalCache.java:2705)
[info] 	at com.github.benmanes.caffeine.cache.BoundedLocalCache.computeIfAbsent(BoundedLocalCache.java:2686)
[info] 	at com.github.benmanes.caffeine.cache.LocalCache.computeIfAbsent(LocalCache.java:112)
[info] 	at com.github.benmanes.caffeine.cache.LocalLoadingCache.get(LocalLoadingCache.java:60)
[info] 	at com.patson.util.AirplaneOwnershipCache$.getOwnershipInfo(AirplaneOwnershipCache.scala:12)
[info] 	at com.patson.model.airplane.AirplaneMaintenanceUtil$.$anonfun$getMaintenanceFactor$1(AirplaneMaintenanceUtil.scala:11)
[info] 	at scala.runtime.java8.JFunction0$mcD$sp.apply(JFunction0$mcD$sp.scala:17)
[info] 	at scala.Option.getOrElse(Option.scala:201)
[info] 	at com.patson.model.airplane.AirplaneMaintenanceUtil$.getMaintenanceFactor(AirplaneMaintenanceUtil.scala:11)
[info] 	at com.patson.LinkSimulation$.computeLinkAndLoungeConsumptionDetail(LinkSimulation.scala:351)
[info] 	at com.patson.LinkSimulation$.$anonfun$linkSimulation$24(LinkSimulation.scala:157)
[info] 	at scala.collection.parallel.AugmentedIterableIterator.map2combiner(RemainsIterator.scala:107)
[info] 	at scala.collection.parallel.AugmentedIterableIterator.map2combiner$(RemainsIterator.scala:104)
[info] 	at scala.collection.parallel.immutable.ParVector$ParVectorIterator.map2combiner(ParVector.scala:70)
[info] 	at scala.collection.parallel.ParIterableLike$Map.leaf(ParIterableLike.scala:1020)
[info] 	at scala.collection.parallel.Task.$anonfun$tryLeaf$1(Tasks.scala:52)
[info] 	at scala.runtime.java8.JFunction0$mcV$sp.apply(JFunction0$mcV$sp.scala:18)
[info] 	at scala.util.control.Breaks$$anon$1.catchBreak(Breaks.scala:97)
[info] 	at scala.collection.parallel.Task.tryLeaf(Tasks.scala:55)
[info] 	at scala.collection.parallel.Task.tryLeaf$(Tasks.scala:49)
[info] 	at scala.collection.parallel.ParIterableLike$Map.tryLeaf(ParIterableLike.scala:1017)
[info] 	at scala.collection.parallel.AdaptiveWorkStealingTasks$AWSTWrappedTask.internal(Tasks.scala:159)
[info] 	at scala.collection.parallel.AdaptiveWorkStealingTasks$AWSTWrappedTask.internal$(Tasks.scala:156)
[info] 	at scala.collection.parallel.AdaptiveWorkStealingForkJoinTasks$AWSFJTWrappedTask.internal(Tasks.scala:304)
[info] 	at scala.collection.parallel.AdaptiveWorkStealingTasks$AWSTWrappedTask.compute(Tasks.scala:149)
[info] 	at scala.collection.parallel.AdaptiveWorkStealingTasks$AWSTWrappedTask.compute$(Tasks.scala:148)
[info] 	at scala.collection.parallel.AdaptiveWorkStealingForkJoinTasks$AWSFJTWrappedTask.compute(Tasks.scala:304)
[info] 	at java.base/java.util.concurrent.RecursiveAction.exec(RecursiveAction.java:194)
[info] 	at java.base/java.util.concurrent.ForkJoinTask.doExec(ForkJoinTask.java:511)
[info] 	at java.base/java.util.concurrent.ForkJoinPool$WorkQueue.topLevelExec(ForkJoinPool.java:1450)
[info] 	at java.base/java.util.concurrent.ForkJoinPool.runWorker(ForkJoinPool.java:2019)
[info] 	at java.base/java.util.concurrent.ForkJoinWorkerThread.run(ForkJoinWorkerThread.java:187)
[info] 21:07:22 WARN  c.zaxxer.hikari.pool.ProxyLeakTask - Connection leak detection triggered for com.mysql.cj.jdbc.ConnectionImpl@2c8e0bd7 on thread scala-execution-context-global-95, stack trace follows
[info] java.lang.Exception: Apparent connection leak detected
[info] 	at com.zaxxer.hikari.HikariDataSource.getConnection(HikariDataSource.java:99)
[info] 	at com.patson.data.Meta$.getConnection(Meta.scala:37)
[info] 	at com.patson.data.AirplaneSource$.loadAirplanesByQueryString(AirplaneSource.scala:34)
[info] 	at com.patson.data.AirplaneSource$.loadAirplanesCriteria(AirplaneSource.scala:30)
[info] 	at com.patson.data.AirplaneSource$.loadAirplanesByOwner(AirplaneSource.scala:68)
[info] 	at com.patson.util.AirplaneOwnershipCache$SimpleLoader.load(AirplaneOwnershipCache.scala:30)
[info] 	at com.patson.util.AirplaneOwnershipCache$SimpleLoader.load(AirplaneOwnershipCache.scala:28)
[info] 	at com.github.benmanes.caffeine.cache.LocalLoadingCache.lambda$newMappingFunction$0(LocalLoadingCache.java:185)
[info] 	at com.github.benmanes.caffeine.cache.BoundedLocalCache.lambda$doComputeIfAbsent$0(BoundedLocalCache.java:2707)
[info] 	at java.base/java.util.concurrent.ConcurrentHashMap.compute(ConcurrentHashMap.java:1932)
[info] 	at com.github.benmanes.caffeine.cache.BoundedLocalCache.doComputeIfAbsent(BoundedLocalCache.java:2705)
[info] 	at com.github.benmanes.caffeine.cache.BoundedLocalCache.computeIfAbsent(BoundedLocalCache.java:2686)
[info] 	at com.github.benmanes.caffeine.cache.LocalCache.computeIfAbsent(LocalCache.java:112)
[info] 	at com.github.benmanes.caffeine.cache.LocalLoadingCache.get(LocalLoadingCache.java:60)
[info] 	at com.patson.util.AirplaneOwnershipCache$.getOwnershipInfo(AirplaneOwnershipCache.scala:12)
[info] 	at com.patson.model.airplane.AirplaneMaintenanceUtil$.$anonfun$getMaintenanceFactor$1(AirplaneMaintenanceUtil.scala:11)
[info] 	at scala.runtime.java8.JFunction0$mcD$sp.apply(JFunction0$mcD$sp.scala:17)
[info] 	at scala.Option.getOrElse(Option.scala:201)
[info] 	at com.patson.model.airplane.AirplaneMaintenanceUtil$.getMaintenanceFactor(AirplaneMaintenanceUtil.scala:11)
[info] 	at com.patson.LinkSimulation$.computeLinkAndLoungeConsumptionDetail(LinkSimulation.scala:351)
[info] 	at com.patson.LinkSimulation$.$anonfun$linkSimulation$24(LinkSimulation.scala:157)
[info] 	at scala.collection.parallel.AugmentedIterableIterator.map2combiner(RemainsIterator.scala:107)
[info] 	at scala.collection.parallel.AugmentedIterableIterator.map2combiner$(RemainsIterator.scala:104)
[info] 	at scala.collection.parallel.immutable.ParVector$ParVectorIterator.map2combiner(ParVector.scala:70)
[info] 	at scala.collection.parallel.ParIterableLike$Map.leaf(ParIterableLike.scala:1020)
[info] 	at scala.collection.parallel.Task.$anonfun$tryLeaf$1(Tasks.scala:52)
[info] 	at scala.runtime.java8.JFunction0$mcV$sp.apply(JFunction0$mcV$sp.scala:18)
[info] 	at scala.util.control.Breaks$$anon$1.catchBreak(Breaks.scala:97)
[info] 	at scala.collection.parallel.Task.tryLeaf(Tasks.scala:55)
[info] 	at scala.collection.parallel.Task.tryLeaf$(Tasks.scala:49)
[info] 	at scala.collection.parallel.ParIterableLike$Map.tryLeaf(ParIterableLike.scala:1017)
[info] 	at scala.collection.parallel.AdaptiveWorkStealingTasks$AWSTWrappedTask.internal(Tasks.scala:159)
[info] 	at scala.collection.parallel.AdaptiveWorkStealingTasks$AWSTWrappedTask.internal$(Tasks.scala:156)
[info] 	at scala.collection.parallel.AdaptiveWorkStealingForkJoinTasks$AWSFJTWrappedTask.internal(Tasks.scala:304)
[info] 	at scala.collection.parallel.AdaptiveWorkStealingTasks$AWSTWrappedTask.compute(Tasks.scala:149)
[info] 	at scala.collection.parallel.AdaptiveWorkStealingTasks$AWSTWrappedTask.compute$(Tasks.scala:148)
[info] 	at scala.collection.parallel.AdaptiveWorkStealingForkJoinTasks$AWSFJTWrappedTask.compute(Tasks.scala:304)
[info] 	at java.base/java.util.concurrent.RecursiveAction.exec(RecursiveAction.java:194)
[info] 	at java.base/java.util.concurrent.ForkJoinTask.doExec(ForkJoinTask.java:511)
[info] 	at java.base/java.util.concurrent.ForkJoinPool$WorkQueue.topLevelExec(ForkJoinPool.java:1450)
[info] 	at java.base/java.util.concurrent.ForkJoinPool.runWorker(ForkJoinPool.java:2019)
[info] 	at java.base/java.util.concurrent.ForkJoinWorkerThread.run(ForkJoinWorkerThread.java:187)
[info] 21:07:22 WARN  c.zaxxer.hikari.pool.ProxyLeakTask - Connection leak detection triggered for com.mysql.cj.jdbc.ConnectionImpl@4e7fffa4 on thread scala-execution-context-global-112, stack trace follows
[info] java.lang.Exception: Apparent connection leak detected
[info] 	at com.zaxxer.hikari.HikariDataSource.getConnection(HikariDataSource.java:99)
[info] 	at com.patson.data.Meta$.getConnection(Meta.scala:37)
[info] 	at com.patson.data.AirplaneSource$.loadAirplanesByQueryString(AirplaneSource.scala:34)
[info] 	at com.patson.data.AirplaneSource$.loadAirplanesCriteria(AirplaneSource.scala:30)
[info] 	at com.patson.data.AirplaneSource$.loadAirplanesByOwner(AirplaneSource.scala:68)
[info] 	at com.patson.util.AirplaneOwnershipCache$SimpleLoader.load(AirplaneOwnershipCache.scala:30)
[info] 	at com.patson.util.AirplaneOwnershipCache$SimpleLoader.load(AirplaneOwnershipCache.scala:28)
[info] 	at com.github.benmanes.caffeine.cache.LocalLoadingCache.lambda$newMappingFunction$0(LocalLoadingCache.java:185)
[info] 	at com.github.benmanes.caffeine.cache.BoundedLocalCache.lambda$doComputeIfAbsent$0(BoundedLocalCache.java:2707)
[info] 	at java.base/java.util.concurrent.ConcurrentHashMap.compute(ConcurrentHashMap.java:1932)
[info] 	at com.github.benmanes.caffeine.cache.BoundedLocalCache.doComputeIfAbsent(BoundedLocalCache.java:2705)
[info] 	at com.github.benmanes.caffeine.cache.BoundedLocalCache.computeIfAbsent(BoundedLocalCache.java:2686)
[info] 	at com.github.benmanes.caffeine.cache.LocalCache.computeIfAbsent(LocalCache.java:112)
[info] 	at com.github.benmanes.caffeine.cache.LocalLoadingCache.get(LocalLoadingCache.java:60)
[info] 	at com.patson.util.AirplaneOwnershipCache$.getOwnershipInfo(AirplaneOwnershipCache.scala:12)
[info] 	at com.patson.model.airplane.AirplaneMaintenanceUtil$.$anonfun$getMaintenanceFactor$1(AirplaneMaintenanceUtil.scala:11)
[info] 	at scala.runtime.java8.JFunction0$mcD$sp.apply(JFunction0$mcD$sp.scala:17)
[info] 	at scala.Option.getOrElse(Option.scala:201)
[info] 	at com.patson.model.airplane.AirplaneMaintenanceUtil$.getMaintenanceFactor(AirplaneMaintenanceUtil.scala:11)
[info] 	at com.patson.LinkSimulation$.computeLinkAndLoungeConsumptionDetail(LinkSimulation.scala:351)
[info] 	at com.patson.LinkSimulation$.$anonfun$linkSimulation$24(LinkSimulation.scala:157)
[info] 	at scala.collection.parallel.AugmentedIterableIterator.map2combiner(RemainsIterator.scala:107)
[info] 	at scala.collection.parallel.AugmentedIterableIterator.map2combiner$(RemainsIterator.scala:104)
[info] 	at scala.collection.parallel.immutable.ParVector$ParVectorIterator.map2combiner(ParVector.scala:70)
[info] 	at scala.collection.parallel.ParIterableLike$Map.leaf(ParIterableLike.scala:1020)
[info] 	at scala.collection.parallel.Task.$anonfun$tryLeaf$1(Tasks.scala:52)
[info] 	at scala.runtime.java8.JFunction0$mcV$sp.apply(JFunction0$mcV$sp.scala:18)
[info] 	at scala.util.control.Breaks$$anon$1.catchBreak(Breaks.scala:97)
[info] 	at scala.collection.parallel.Task.tryLeaf(Tasks.scala:55)
[info] 	at scala.collection.parallel.Task.tryLeaf$(Tasks.scala:49)
[info] 	at scala.collection.parallel.ParIterableLike$Map.tryLeaf(ParIterableLike.scala:1017)
[info] 	at scala.collection.parallel.AdaptiveWorkStealingTasks$AWSTWrappedTask.internal(Tasks.scala:159)
[info] 	at scala.collection.parallel.AdaptiveWorkStealingTasks$AWSTWrappedTask.internal$(Tasks.scala:156)
[info] 	at scala.collection.parallel.AdaptiveWorkStealingForkJoinTasks$AWSFJTWrappedTask.internal(Tasks.scala:304)
[info] 	at scala.collection.parallel.AdaptiveWorkStealingTasks$AWSTWrappedTask.compute(Tasks.scala:149)
[info] 	at scala.collection.parallel.AdaptiveWorkStealingTasks$AWSTWrappedTask.compute$(Tasks.scala:148)
[info] 	at scala.collection.parallel.AdaptiveWorkStealingForkJoinTasks$AWSFJTWrappedTask.compute(Tasks.scala:304)
[info] 	at java.base/java.util.concurrent.RecursiveAction.exec(RecursiveAction.java:194)
[info] 	at java.base/java.util.concurrent.ForkJoinTask.doExec(ForkJoinTask.java:511)
[info] 	at java.base/java.util.concurrent.ForkJoinPool$WorkQueue.topLevelExec(ForkJoinPool.java:1450)
[info] 	at java.base/java.util.concurrent.ForkJoinPool.runWorker(ForkJoinPool.java:2019)
[info] 	at java.base/java.util.concurrent.ForkJoinWorkerThread.run(ForkJoinWorkerThread.java:187)
[info] 21:07:22 WARN  c.zaxxer.hikari.pool.ProxyLeakTask - Connection leak detection triggered for com.mysql.cj.jdbc.ConnectionImpl@500be196 on thread scala-execution-context-global-100, stack trace follows
[info] java.lang.Exception: Apparent connection leak detected
[info] 	at com.zaxxer.hikari.HikariDataSource.getConnection(HikariDataSource.java:99)
[info] 	at com.patson.data.Meta$.getConnection(Meta.scala:37)
[info] 	at com.patson.data.AirplaneSource$.loadAirplanesByQueryString(AirplaneSource.scala:34)
[info] 	at com.patson.data.AirplaneSource$.loadAirplanesCriteria(AirplaneSource.scala:30)
[info] 	at com.patson.data.AirplaneSource$.loadAirplanesByOwner(AirplaneSource.scala:68)
[info] 	at com.patson.util.AirplaneOwnershipCache$SimpleLoader.load(AirplaneOwnershipCache.scala:30)
[info] 	at com.patson.util.AirplaneOwnershipCache$SimpleLoader.load(AirplaneOwnershipCache.scala:28)
[info] 	at com.github.benmanes.caffeine.cache.LocalLoadingCache.lambda$newMappingFunction$0(LocalLoadingCache.java:185)
[info] 	at com.github.benmanes.caffeine.cache.BoundedLocalCache.lambda$doComputeIfAbsent$0(BoundedLocalCache.java:2707)
[info] 	at java.base/java.util.concurrent.ConcurrentHashMap.compute(ConcurrentHashMap.java:1932)
[info] 	at com.github.benmanes.caffeine.cache.BoundedLocalCache.doComputeIfAbsent(BoundedLocalCache.java:2705)
[info] 	at com.github.benmanes.caffeine.cache.BoundedLocalCache.computeIfAbsent(BoundedLocalCache.java:2686)
[info] 	at com.github.benmanes.caffeine.cache.LocalCache.computeIfAbsent(LocalCache.java:112)
[info] 	at com.github.benmanes.caffeine.cache.LocalLoadingCache.get(LocalLoadingCache.java:60)
[info] 	at com.patson.util.AirplaneOwnershipCache$.getOwnershipInfo(AirplaneOwnershipCache.scala:12)
[info] 	at com.patson.model.airplane.AirplaneMaintenanceUtil$.$anonfun$getMaintenanceFactor$1(AirplaneMaintenanceUtil.scala:11)
[info] 	at scala.runtime.java8.JFunction0$mcD$sp.apply(JFunction0$mcD$sp.scala:17)
[info] 	at scala.Option.getOrElse(Option.scala:201)
[info] 	at com.patson.model.airplane.AirplaneMaintenanceUtil$.getMaintenanceFactor(AirplaneMaintenanceUtil.scala:11)
[info] 	at com.patson.LinkSimulation$.computeLinkAndLoungeConsumptionDetail(LinkSimulation.scala:351)
[info] 	at com.patson.LinkSimulation$.$anonfun$linkSimulation$24(LinkSimulation.scala:157)
[info] 	at scala.collection.parallel.AugmentedIterableIterator.map2combiner(RemainsIterator.scala:107)
[info] 	at scala.collection.parallel.AugmentedIterableIterator.map2combiner$(RemainsIterator.scala:104)
[info] 	at scala.collection.parallel.immutable.ParVector$ParVectorIterator.map2combiner(ParVector.scala:70)
[info] 	at scala.collection.parallel.ParIterableLike$Map.leaf(ParIterableLike.scala:1020)
[info] 	at scala.collection.parallel.Task.$anonfun$tryLeaf$1(Tasks.scala:52)
[info] 	at scala.runtime.java8.JFunction0$mcV$sp.apply(JFunction0$mcV$sp.scala:18)
[info] 	at scala.util.control.Breaks$$anon$1.catchBreak(Breaks.scala:97)
[info] 	at scala.collection.parallel.Task.tryLeaf(Tasks.scala:55)
[info] 	at scala.collection.parallel.Task.tryLeaf$(Tasks.scala:49)
[info] 	at scala.collection.parallel.ParIterableLike$Map.tryLeaf(ParIterableLike.scala:1017)
[info] 	at scala.collection.parallel.AdaptiveWorkStealingTasks$AWSTWrappedTask.compute(Tasks.scala:152)
[info] 	at scala.collection.parallel.AdaptiveWorkStealingTasks$AWSTWrappedTask.compute$(Tasks.scala:148)
[info] 	at scala.collection.parallel.AdaptiveWorkStealingForkJoinTasks$AWSFJTWrappedTask.compute(Tasks.scala:304)
[info] 	at java.base/java.util.concurrent.RecursiveAction.exec(RecursiveAction.java:194)
[info] 	at java.base/java.util.concurrent.ForkJoinTask.doExec(ForkJoinTask.java:511)
[info] 	at java.base/java.util.concurrent.ForkJoinPool$WorkQueue.topLevelExec(ForkJoinPool.java:1450)
[info] 	at java.base/java.util.concurrent.ForkJoinPool.runWorker(ForkJoinPool.java:2019)
[info] 	at java.base/java.util.concurrent.ForkJoinWorkerThread.run(ForkJoinWorkerThread.java:187)
[info] 21:07:22 WARN  c.zaxxer.hikari.pool.ProxyLeakTask - Connection leak detection triggered for com.mysql.cj.jdbc.ConnectionImpl@76ac9d0f on thread scala-execution-context-global-118, stack trace follows
[info] java.lang.Exception: Apparent connection leak detected
[info] 	at com.zaxxer.hikari.HikariDataSource.getConnection(HikariDataSource.java:99)
[info] 	at com.patson.data.Meta$.getConnection(Meta.scala:37)
[info] 	at com.patson.data.AirplaneSource$.loadAirplanesByQueryString(AirplaneSource.scala:34)
[info] 	at com.patson.data.AirplaneSource$.loadAirplanesCriteria(AirplaneSource.scala:30)
[info] 	at com.patson.data.AirplaneSource$.loadAirplanesByOwner(AirplaneSource.scala:68)
[info] 	at com.patson.util.AirplaneOwnershipCache$SimpleLoader.load(AirplaneOwnershipCache.scala:30)
[info] 	at com.patson.util.AirplaneOwnershipCache$SimpleLoader.load(AirplaneOwnershipCache.scala:28)
[info] 	at com.github.benmanes.caffeine.cache.LocalLoadingCache.lambda$newMappingFunction$0(LocalLoadingCache.java:185)
[info] 	at com.github.benmanes.caffeine.cache.BoundedLocalCache.lambda$doComputeIfAbsent$0(BoundedLocalCache.java:2707)
[info] 	at java.base/java.util.concurrent.ConcurrentHashMap.compute(ConcurrentHashMap.java:1932)
[info] 	at com.github.benmanes.caffeine.cache.BoundedLocalCache.doComputeIfAbsent(BoundedLocalCache.java:2705)
[info] 	at com.github.benmanes.caffeine.cache.BoundedLocalCache.computeIfAbsent(BoundedLocalCache.java:2686)
[info] 	at com.github.benmanes.caffeine.cache.LocalCache.computeIfAbsent(LocalCache.java:112)
[info] 	at com.github.benmanes.caffeine.cache.LocalLoadingCache.get(LocalLoadingCache.java:60)
[info] 	at com.patson.util.AirplaneOwnershipCache$.getOwnershipInfo(AirplaneOwnershipCache.scala:12)
[info] 	at com.patson.model.airplane.AirplaneMaintenanceUtil$.$anonfun$getMaintenanceFactor$1(AirplaneMaintenanceUtil.scala:11)
[info] 	at scala.runtime.java8.JFunction0$mcD$sp.apply(JFunction0$mcD$sp.scala:17)
[info] 	at scala.Option.getOrElse(Option.scala:201)
[info] 	at com.patson.model.airplane.AirplaneMaintenanceUtil$.getMaintenanceFactor(AirplaneMaintenanceUtil.scala:11)
[info] 	at com.patson.LinkSimulation$.computeLinkAndLoungeConsumptionDetail(LinkSimulation.scala:351)
[info] 	at com.patson.LinkSimulation$.$anonfun$linkSimulation$24(LinkSimulation.scala:157)
[info] 	at scala.collection.parallel.AugmentedIterableIterator.map2combiner(RemainsIterator.scala:107)
[info] 	at scala.collection.parallel.AugmentedIterableIterator.map2combiner$(RemainsIterator.scala:104)
[info] 	at scala.collection.parallel.immutable.ParVector$ParVectorIterator.map2combiner(ParVector.scala:70)
[info] 	at scala.collection.parallel.ParIterableLike$Map.leaf(ParIterableLike.scala:1020)
[info] 	at scala.collection.parallel.Task.$anonfun$tryLeaf$1(Tasks.scala:52)
[info] 	at scala.runtime.java8.JFunction0$mcV$sp.apply(JFunction0$mcV$sp.scala:18)
[info] 	at scala.util.control.Breaks$$anon$1.catchBreak(Breaks.scala:97)
[info] 	at scala.collection.parallel.Task.tryLeaf(Tasks.scala:55)
[info] 	at scala.collection.parallel.Task.tryLeaf$(Tasks.scala:49)
[info] 	at scala.collection.parallel.ParIterableLike$Map.tryLeaf(ParIterableLike.scala:1017)
[info] 	at scala.collection.parallel.AdaptiveWorkStealingTasks$AWSTWrappedTask.internal(Tasks.scala:159)
[info] 	at scala.collection.parallel.AdaptiveWorkStealingTasks$AWSTWrappedTask.internal$(Tasks.scala:156)
[info] 	at scala.collection.parallel.AdaptiveWorkStealingForkJoinTasks$AWSFJTWrappedTask.internal(Tasks.scala:304)
[info] 	at scala.collection.parallel.AdaptiveWorkStealingTasks$AWSTWrappedTask.compute(Tasks.scala:149)
[info] 	at scala.collection.parallel.AdaptiveWorkStealingTasks$AWSTWrappedTask.compute$(Tasks.scala:148)
[info] 	at scala.collection.parallel.AdaptiveWorkStealingForkJoinTasks$AWSFJTWrappedTask.compute(Tasks.scala:304)
[info] 	at java.base/java.util.concurrent.RecursiveAction.exec(RecursiveAction.java:194)
[info] 	at java.base/java.util.concurrent.ForkJoinTask.doExec(ForkJoinTask.java:511)
[info] 	at java.base/java.util.concurrent.ForkJoinPool$WorkQueue.topLevelExec(ForkJoinPool.java:1450)
[info] 	at java.base/java.util.concurrent.ForkJoinPool.runWorker(ForkJoinPool.java:2019)
[info] 	at java.base/java.util.concurrent.ForkJoinWorkerThread.run(ForkJoinWorkerThread.java:187)
[info] 21:07:22 WARN  c.zaxxer.hikari.pool.ProxyLeakTask - Connection leak detection triggered for com.mysql.cj.jdbc.ConnectionImpl@1d09b755 on thread scala-execution-context-global-107, stack trace follows
[info] java.lang.Exception: Apparent connection leak detected
[info] 	at com.zaxxer.hikari.HikariDataSource.getConnection(HikariDataSource.java:99)
[info] 	at com.patson.data.Meta$.getConnection(Meta.scala:37)
[info] 	at com.patson.data.AirplaneSource$.loadAirplanesByQueryString(AirplaneSource.scala:34)
[info] 	at com.patson.data.AirplaneSource$.loadAirplanesCriteria(AirplaneSource.scala:30)
[info] 	at com.patson.data.AirplaneSource$.loadAirplanesByOwner(AirplaneSource.scala:68)
[info] 	at com.patson.util.AirplaneOwnershipCache$SimpleLoader.load(AirplaneOwnershipCache.scala:30)
[info] 	at com.patson.util.AirplaneOwnershipCache$SimpleLoader.load(AirplaneOwnershipCache.scala:28)
[info] 	at com.github.benmanes.caffeine.cache.LocalLoadingCache.lambda$newMappingFunction$0(LocalLoadingCache.java:185)
[info] 	at com.github.benmanes.caffeine.cache.BoundedLocalCache.lambda$doComputeIfAbsent$0(BoundedLocalCache.java:2707)
[info] 	at java.base/java.util.concurrent.ConcurrentHashMap.compute(ConcurrentHashMap.java:1932)
[info] 	at com.github.benmanes.caffeine.cache.BoundedLocalCache.doComputeIfAbsent(BoundedLocalCache.java:2705)
[info] 	at com.github.benmanes.caffeine.cache.BoundedLocalCache.computeIfAbsent(BoundedLocalCache.java:2686)
[info] 	at com.github.benmanes.caffeine.cache.LocalCache.computeIfAbsent(LocalCache.java:112)
[info] 	at com.github.benmanes.caffeine.cache.LocalLoadingCache.get(LocalLoadingCache.java:60)
[info] 	at com.patson.util.AirplaneOwnershipCache$.getOwnershipInfo(AirplaneOwnershipCache.scala:12)
[info] 	at com.patson.model.airplane.AirplaneMaintenanceUtil$.$anonfun$getMaintenanceFactor$1(AirplaneMaintenanceUtil.scala:11)
[info] 	at scala.runtime.java8.JFunction0$mcD$sp.apply(JFunction0$mcD$sp.scala:17)
[info] 	at scala.Option.getOrElse(Option.scala:201)
[info] 	at com.patson.model.airplane.AirplaneMaintenanceUtil$.getMaintenanceFactor(AirplaneMaintenanceUtil.scala:11)
[info] 	at com.patson.LinkSimulation$.computeLinkAndLoungeConsumptionDetail(LinkSimulation.scala:351)
[info] 	at com.patson.LinkSimulation$.$anonfun$linkSimulation$24(LinkSimulation.scala:157)
[info] 	at scala.collection.parallel.AugmentedIterableIterator.map2combiner(RemainsIterator.scala:107)
[info] 	at scala.collection.parallel.AugmentedIterableIterator.map2combiner$(RemainsIterator.scala:104)
[info] 	at scala.collection.parallel.immutable.ParVector$ParVectorIterator.map2combiner(ParVector.scala:70)
[info] 	at scala.collection.parallel.ParIterableLike$Map.leaf(ParIterableLike.scala:1020)
[info] 	at scala.collection.parallel.Task.$anonfun$tryLeaf$1(Tasks.scala:52)
[info] 	at scala.runtime.java8.JFunction0$mcV$sp.apply(JFunction0$mcV$sp.scala:18)
[info] 	at scala.util.control.Breaks$$anon$1.catchBreak(Breaks.scala:97)
[info] 	at scala.collection.parallel.Task.tryLeaf(Tasks.scala:55)
[info] 	at scala.collection.parallel.Task.tryLeaf$(Tasks.scala:49)
[info] 	at scala.collection.parallel.ParIterableLike$Map.tryLeaf(ParIterableLike.scala:1017)
[info] 	at scala.collection.parallel.AdaptiveWorkStealingTasks$AWSTWrappedTask.internal(Tasks.scala:159)
[info] 	at scala.collection.parallel.AdaptiveWorkStealingTasks$AWSTWrappedTask.internal$(Tasks.scala:156)
[info] 	at scala.collection.parallel.AdaptiveWorkStealingForkJoinTasks$AWSFJTWrappedTask.internal(Tasks.scala:304)
[info] 	at scala.collection.parallel.AdaptiveWorkStealingTasks$AWSTWrappedTask.compute(Tasks.scala:149)
[info] 	at scala.collection.parallel.AdaptiveWorkStealingTasks$AWSTWrappedTask.compute$(Tasks.scala:148)
[info] 	at scala.collection.parallel.AdaptiveWorkStealingForkJoinTasks$AWSFJTWrappedTask.compute(Tasks.scala:304)
[info] 	at java.base/java.util.concurrent.RecursiveAction.exec(RecursiveAction.java:194)
[info] 	at java.base/java.util.concurrent.ForkJoinTask.doExec(ForkJoinTask.java:511)
[info] 	at java.base/java.util.concurrent.ForkJoinPool$WorkQueue.topLevelExec(ForkJoinPool.java:1450)
[info] 	at java.base/java.util.concurrent.ForkJoinPool.runWorker(ForkJoinPool.java:2019)
[info] 	at java.base/java.util.concurrent.ForkJoinWorkerThread.run(ForkJoinWorkerThread.java:187)
[info] 21:07:22 WARN  c.zaxxer.hikari.pool.ProxyLeakTask - Connection leak detection triggered for com.mysql.cj.jdbc.ConnectionImpl@874220c on thread scala-execution-context-global-98, stack trace follows
[info] java.lang.Exception: Apparent connection leak detected
[info] 	at com.zaxxer.hikari.HikariDataSource.getConnection(HikariDataSource.java:99)
[info] 	at com.patson.data.Meta$.getConnection(Meta.scala:37)
[info] 	at com.patson.data.AirplaneSource$.loadAirplanesByQueryString(AirplaneSource.scala:34)
[info] 	at com.patson.data.AirplaneSource$.loadAirplanesCriteria(AirplaneSource.scala:30)
[info] 	at com.patson.data.AirplaneSource$.loadAirplanesByOwner(AirplaneSource.scala:68)
[info] 	at com.patson.util.AirplaneOwnershipCache$SimpleLoader.load(AirplaneOwnershipCache.scala:30)
[info] 	at com.patson.util.AirplaneOwnershipCache$SimpleLoader.load(AirplaneOwnershipCache.scala:28)
[info] 	at com.github.benmanes.caffeine.cache.LocalLoadingCache.lambda$newMappingFunction$0(LocalLoadingCache.java:185)
[info] 	at com.github.benmanes.caffeine.cache.BoundedLocalCache.lambda$doComputeIfAbsent$0(BoundedLocalCache.java:2707)
[info] 	at java.base/java.util.concurrent.ConcurrentHashMap.compute(ConcurrentHashMap.java:1932)
[info] 	at com.github.benmanes.caffeine.cache.BoundedLocalCache.doComputeIfAbsent(BoundedLocalCache.java:2705)
[info] 	at com.github.benmanes.caffeine.cache.BoundedLocalCache.computeIfAbsent(BoundedLocalCache.java:2686)
[info] 	at com.github.benmanes.caffeine.cache.LocalCache.computeIfAbsent(LocalCache.java:112)
[info] 	at com.github.benmanes.caffeine.cache.LocalLoadingCache.get(LocalLoadingCache.java:60)
[info] 	at com.patson.util.AirplaneOwnershipCache$.getOwnershipInfo(AirplaneOwnershipCache.scala:12)
[info] 	at com.patson.model.airplane.AirplaneMaintenanceUtil$.$anonfun$getMaintenanceFactor$1(AirplaneMaintenanceUtil.scala:11)
[info] 	at scala.runtime.java8.JFunction0$mcD$sp.apply(JFunction0$mcD$sp.scala:17)
[info] 	at scala.Option.getOrElse(Option.scala:201)
[info] 	at com.patson.model.airplane.AirplaneMaintenanceUtil$.getMaintenanceFactor(AirplaneMaintenanceUtil.scala:11)
[info] 	at com.patson.LinkSimulation$.computeLinkAndLoungeConsumptionDetail(LinkSimulation.scala:351)
[info] 	at com.patson.LinkSimulation$.$anonfun$linkSimulation$24(LinkSimulation.scala:157)
[info] 	at scala.collection.parallel.AugmentedIterableIterator.map2combiner(RemainsIterator.scala:107)
[info] 	at scala.collection.parallel.AugmentedIterableIterator.map2combiner$(RemainsIterator.scala:104)
[info] 	at scala.collection.parallel.immutable.ParVector$ParVectorIterator.map2combiner(ParVector.scala:70)
[info] 	at scala.collection.parallel.ParIterableLike$Map.leaf(ParIterableLike.scala:1020)
[info] 	at scala.collection.parallel.Task.$anonfun$tryLeaf$1(Tasks.scala:52)
[info] 	at scala.runtime.java8.JFunction0$mcV$sp.apply(JFunction0$mcV$sp.scala:18)
[info] 	at scala.util.control.Breaks$$anon$1.catchBreak(Breaks.scala:97)
[info] 	at scala.collection.parallel.Task.tryLeaf(Tasks.scala:55)
[info] 	at scala.collection.parallel.Task.tryLeaf$(Tasks.scala:49)
[info] 	at scala.collection.parallel.ParIterableLike$Map.tryLeaf(ParIterableLike.scala:1017)
[info] 	at scala.collection.parallel.AdaptiveWorkStealingTasks$AWSTWrappedTask.internal(Tasks.scala:159)
[info] 	at scala.collection.parallel.AdaptiveWorkStealingTasks$AWSTWrappedTask.internal$(Tasks.scala:156)
[info] 	at scala.collection.parallel.AdaptiveWorkStealingForkJoinTasks$AWSFJTWrappedTask.internal(Tasks.scala:304)
[info] 	at scala.collection.parallel.AdaptiveWorkStealingTasks$AWSTWrappedTask.compute(Tasks.scala:149)
[info] 	at scala.collection.parallel.AdaptiveWorkStealingTasks$AWSTWrappedTask.compute$(Tasks.scala:148)
[info] 	at scala.collection.parallel.AdaptiveWorkStealingForkJoinTasks$AWSFJTWrappedTask.compute(Tasks.scala:304)
[info] 	at java.base/java.util.concurrent.RecursiveAction.exec(RecursiveAction.java:194)
[info] 	at java.base/java.util.concurrent.ForkJoinTask.doExec(ForkJoinTask.java:511)
[info] 	at java.base/java.util.concurrent.ForkJoinPool$WorkQueue.topLevelExec(ForkJoinPool.java:1450)
[info] 	at java.base/java.util.concurrent.ForkJoinPool.runWorker(ForkJoinPool.java:2019)
[info] 	at java.base/java.util.concurrent.ForkJoinWorkerThread.run(ForkJoinWorkerThread.java:187)
[info] 21:07:22 WARN  c.zaxxer.hikari.pool.ProxyLeakTask - Connection leak detection triggered for com.mysql.cj.jdbc.ConnectionImpl@74933d87 on thread scala-execution-context-global-106, stack trace follows
[info] java.lang.Exception: Apparent connection leak detected
[info] 	at com.zaxxer.hikari.HikariDataSource.getConnection(HikariDataSource.java:99)
[info] 	at com.patson.data.Meta$.getConnection(Meta.scala:37)
[info] 	at com.patson.data.AirplaneSource$.loadAirplanesByQueryString(AirplaneSource.scala:34)
[info] 	at com.patson.data.AirplaneSource$.loadAirplanesCriteria(AirplaneSource.scala:30)
[info] 	at com.patson.data.AirplaneSource$.loadAirplanesByOwner(AirplaneSource.scala:68)
[info] 	at com.patson.util.AirplaneOwnershipCache$SimpleLoader.load(AirplaneOwnershipCache.scala:30)
[info] 	at com.patson.util.AirplaneOwnershipCache$SimpleLoader.load(AirplaneOwnershipCache.scala:28)
[info] 	at com.github.benmanes.caffeine.cache.LocalLoadingCache.lambda$newMappingFunction$0(LocalLoadingCache.java:185)
[info] 	at com.github.benmanes.caffeine.cache.BoundedLocalCache.lambda$doComputeIfAbsent$0(BoundedLocalCache.java:2707)
[info] 	at java.base/java.util.concurrent.ConcurrentHashMap.compute(ConcurrentHashMap.java:1932)
[info] 	at com.github.benmanes.caffeine.cache.BoundedLocalCache.doComputeIfAbsent(BoundedLocalCache.java:2705)
[info] 	at com.github.benmanes.caffeine.cache.BoundedLocalCache.computeIfAbsent(BoundedLocalCache.java:2686)
[info] 	at com.github.benmanes.caffeine.cache.LocalCache.computeIfAbsent(LocalCache.java:112)
[info] 	at com.github.benmanes.caffeine.cache.LocalLoadingCache.get(LocalLoadingCache.java:60)
[info] 	at com.patson.util.AirplaneOwnershipCache$.getOwnershipInfo(AirplaneOwnershipCache.scala:12)
[info] 	at com.patson.model.airplane.AirplaneMaintenanceUtil$.$anonfun$getMaintenanceFactor$1(AirplaneMaintenanceUtil.scala:11)
[info] 	at scala.runtime.java8.JFunction0$mcD$sp.apply(JFunction0$mcD$sp.scala:17)
[info] 	at scala.Option.getOrElse(Option.scala:201)
[info] 	at com.patson.model.airplane.AirplaneMaintenanceUtil$.getMaintenanceFactor(AirplaneMaintenanceUtil.scala:11)
[info] 	at com.patson.LinkSimulation$.computeLinkAndLoungeConsumptionDetail(LinkSimulation.scala:351)
[info] 	at com.patson.LinkSimulation$.$anonfun$linkSimulation$24(LinkSimulation.scala:157)
[info] 	at scala.collection.parallel.AugmentedIterableIterator.map2combiner(RemainsIterator.scala:107)
[info] 	at scala.collection.parallel.AugmentedIterableIterator.map2combiner$(RemainsIterator.scala:104)
[info] 	at scala.collection.parallel.immutable.ParVector$ParVectorIterator.map2combiner(ParVector.scala:70)
[info] 	at scala.collection.parallel.ParIterableLike$Map.leaf(ParIterableLike.scala:1020)
[info] 	at scala.collection.parallel.Task.$anonfun$tryLeaf$1(Tasks.scala:52)
[info] 	at scala.runtime.java8.JFunction0$mcV$sp.apply(JFunction0$mcV$sp.scala:18)
[info] 	at scala.util.control.Breaks$$anon$1.catchBreak(Breaks.scala:97)
[info] 	at scala.collection.parallel.Task.tryLeaf(Tasks.scala:55)
[info] 	at scala.collection.parallel.Task.tryLeaf$(Tasks.scala:49)
[info] 	at scala.collection.parallel.ParIterableLike$Map.tryLeaf(ParIterableLike.scala:1017)
[info] 	at scala.collection.parallel.AdaptiveWorkStealingTasks$AWSTWrappedTask.compute(Tasks.scala:152)
[info] 	at scala.collection.parallel.AdaptiveWorkStealingTasks$AWSTWrappedTask.compute$(Tasks.scala:148)
[info] 	at scala.collection.parallel.AdaptiveWorkStealingForkJoinTasks$AWSFJTWrappedTask.compute(Tasks.scala:304)
[info] 	at java.base/java.util.concurrent.RecursiveAction.exec(RecursiveAction.java:194)
[info] 	at java.base/java.util.concurrent.ForkJoinTask.doExec(ForkJoinTask.java:511)
[info] 	at java.base/java.util.concurrent.ForkJoinPool$WorkQueue.topLevelExec(ForkJoinPool.java:1450)
[info] 	at java.base/java.util.concurrent.ForkJoinPool.runWorker(ForkJoinPool.java:2019)
[info] 	at java.base/java.util.concurrent.ForkJoinWorkerThread.run(ForkJoinWorkerThread.java:187)
[info] 21:07:22 WARN  c.zaxxer.hikari.pool.ProxyLeakTask - Connection leak detection triggered for com.mysql.cj.jdbc.ConnectionImpl@451d8169 on thread scala-execution-context-global-102, stack trace follows
[info] java.lang.Exception: Apparent connection leak detected
[info] 	at com.zaxxer.hikari.HikariDataSource.getConnection(HikariDataSource.java:99)
[info] 	at com.patson.data.Meta$.getConnection(Meta.scala:37)
[info] 	at com.patson.data.AirplaneSource$.loadAirplanesByQueryString(AirplaneSource.scala:34)
[info] 	at com.patson.data.AirplaneSource$.loadAirplanesCriteria(AirplaneSource.scala:30)
[info] 	at com.patson.data.AirplaneSource$.loadAirplanesByOwner(AirplaneSource.scala:68)
[info] 	at com.patson.util.AirplaneOwnershipCache$SimpleLoader.load(AirplaneOwnershipCache.scala:30)
[info] 	at com.patson.util.AirplaneOwnershipCache$SimpleLoader.load(AirplaneOwnershipCache.scala:28)
[info] 	at com.github.benmanes.caffeine.cache.LocalLoadingCache.lambda$newMappingFunction$0(LocalLoadingCache.java:185)
[info] 	at com.github.benmanes.caffeine.cache.BoundedLocalCache.lambda$doComputeIfAbsent$0(BoundedLocalCache.java:2707)
[info] 	at java.base/java.util.concurrent.ConcurrentHashMap.compute(ConcurrentHashMap.java:1932)
[info] 	at com.github.benmanes.caffeine.cache.BoundedLocalCache.doComputeIfAbsent(BoundedLocalCache.java:2705)
[info] 	at com.github.benmanes.caffeine.cache.BoundedLocalCache.computeIfAbsent(BoundedLocalCache.java:2686)
[info] 	at com.github.benmanes.caffeine.cache.LocalCache.computeIfAbsent(LocalCache.java:112)
[info] 	at com.github.benmanes.caffeine.cache.LocalLoadingCache.get(LocalLoadingCache.java:60)
[info] 	at com.patson.util.AirplaneOwnershipCache$.getOwnershipInfo(AirplaneOwnershipCache.scala:12)
[info] 	at com.patson.model.airplane.AirplaneMaintenanceUtil$.$anonfun$getMaintenanceFactor$1(AirplaneMaintenanceUtil.scala:11)
[info] 	at scala.runtime.java8.JFunction0$mcD$sp.apply(JFunction0$mcD$sp.scala:17)
[info] 	at scala.Option.getOrElse(Option.scala:201)
[info] 	at com.patson.model.airplane.AirplaneMaintenanceUtil$.getMaintenanceFactor(AirplaneMaintenanceUtil.scala:11)
[info] 	at com.patson.LinkSimulation$.computeLinkAndLoungeConsumptionDetail(LinkSimulation.scala:351)
[info] 	at com.patson.LinkSimulation$.$anonfun$linkSimulation$24(LinkSimulation.scala:157)
[info] 	at scala.collection.parallel.AugmentedIterableIterator.map2combiner(RemainsIterator.scala:107)
[info] 	at scala.collection.parallel.AugmentedIterableIterator.map2combiner$(RemainsIterator.scala:104)
[info] 	at scala.collection.parallel.immutable.ParVector$ParVectorIterator.map2combiner(ParVector.scala:70)
[info] 	at scala.collection.parallel.ParIterableLike$Map.leaf(ParIterableLike.scala:1020)
[info] 	at scala.collection.parallel.Task.$anonfun$tryLeaf$1(Tasks.scala:52)
[info] 	at scala.runtime.java8.JFunction0$mcV$sp.apply(JFunction0$mcV$sp.scala:18)
[info] 	at scala.util.control.Breaks$$anon$1.catchBreak(Breaks.scala:97)
[info] 	at scala.collection.parallel.Task.tryLeaf(Tasks.scala:55)
[info] 	at scala.collection.parallel.Task.tryLeaf$(Tasks.scala:49)
[info] 	at scala.collection.parallel.ParIterableLike$Map.tryLeaf(ParIterableLike.scala:1017)
[info] 	at scala.collection.parallel.AdaptiveWorkStealingTasks$AWSTWrappedTask.compute(Tasks.scala:152)
[info] 	at scala.collection.parallel.AdaptiveWorkStealingTasks$AWSTWrappedTask.compute$(Tasks.scala:148)
[info] 	at scala.collection.parallel.AdaptiveWorkStealingForkJoinTasks$AWSFJTWrappedTask.compute(Tasks.scala:304)
[info] 	at java.base/java.util.concurrent.RecursiveAction.exec(RecursiveAction.java:194)
[info] 	at java.base/java.util.concurrent.ForkJoinTask.doExec(ForkJoinTask.java:511)
[info] 	at java.base/java.util.concurrent.ForkJoinPool$WorkQueue.topLevelExec(ForkJoinPool.java:1450)
[info] 	at java.base/java.util.concurrent.ForkJoinPool.runWorker(ForkJoinPool.java:2019)
[info] 	at java.base/java.util.concurrent.ForkJoinWorkerThread.run(ForkJoinWorkerThread.java:187)
[info] 21:07:22 WARN  c.zaxxer.hikari.pool.ProxyLeakTask - Connection leak detection triggered for com.mysql.cj.jdbc.ConnectionImpl@66e97818 on thread scala-execution-context-global-114, stack trace follows
[info] java.lang.Exception: Apparent connection leak detected
[info] 	at com.zaxxer.hikari.HikariDataSource.getConnection(HikariDataSource.java:99)
[info] 	at com.patson.data.Meta$.getConnection(Meta.scala:37)
[info] 	at com.patson.data.AirplaneSource$.loadAirplanesByQueryString(AirplaneSource.scala:34)
[info] 	at com.patson.data.AirplaneSource$.loadAirplanesCriteria(AirplaneSource.scala:30)
[info] 	at com.patson.data.AirplaneSource$.loadAirplanesByOwner(AirplaneSource.scala:68)
[info] 	at com.patson.util.AirplaneOwnershipCache$SimpleLoader.load(AirplaneOwnershipCache.scala:30)
[info] 	at com.patson.util.AirplaneOwnershipCache$SimpleLoader.load(AirplaneOwnershipCache.scala:28)
[info] 	at com.github.benmanes.caffeine.cache.LocalLoadingCache.lambda$newMappingFunction$0(LocalLoadingCache.java:185)
[info] 	at com.github.benmanes.caffeine.cache.BoundedLocalCache.lambda$doComputeIfAbsent$0(BoundedLocalCache.java:2707)
[info] 	at java.base/java.util.concurrent.ConcurrentHashMap.compute(ConcurrentHashMap.java:1932)
[info] 	at com.github.benmanes.caffeine.cache.BoundedLocalCache.doComputeIfAbsent(BoundedLocalCache.java:2705)
[info] 	at com.github.benmanes.caffeine.cache.BoundedLocalCache.computeIfAbsent(BoundedLocalCache.java:2686)
[info] 	at com.github.benmanes.caffeine.cache.LocalCache.computeIfAbsent(LocalCache.java:112)
[info] 	at com.github.benmanes.caffeine.cache.LocalLoadingCache.get(LocalLoadingCache.java:60)
[info] 	at com.patson.util.AirplaneOwnershipCache$.getOwnershipInfo(AirplaneOwnershipCache.scala:12)
[info] 	at com.patson.model.airplane.AirplaneMaintenanceUtil$.$anonfun$getMaintenanceFactor$1(AirplaneMaintenanceUtil.scala:11)
[info] 	at scala.runtime.java8.JFunction0$mcD$sp.apply(JFunction0$mcD$sp.scala:17)
[info] 	at scala.Option.getOrElse(Option.scala:201)
[info] 	at com.patson.model.airplane.AirplaneMaintenanceUtil$.getMaintenanceFactor(AirplaneMaintenanceUtil.scala:11)
[info] 	at com.patson.LinkSimulation$.computeLinkAndLoungeConsumptionDetail(LinkSimulation.scala:351)
[info] 	at com.patson.LinkSimulation$.$anonfun$linkSimulation$24(LinkSimulation.scala:157)
[info] 	at scala.collection.parallel.AugmentedIterableIterator.map2combiner(RemainsIterator.scala:107)
[info] 	at scala.collection.parallel.AugmentedIterableIterator.map2combiner$(RemainsIterator.scala:104)
[info] 	at scala.collection.parallel.immutable.ParVector$ParVectorIterator.map2combiner(ParVector.scala:70)
[info] 	at scala.collection.parallel.ParIterableLike$Map.leaf(ParIterableLike.scala:1020)
[info] 	at scala.collection.parallel.Task.$anonfun$tryLeaf$1(Tasks.scala:52)
[info] 	at scala.runtime.java8.JFunction0$mcV$sp.apply(JFunction0$mcV$sp.scala:18)
[info] 	at scala.util.control.Breaks$$anon$1.catchBreak(Breaks.scala:97)
[info] 	at scala.collection.parallel.Task.tryLeaf(Tasks.scala:55)
[info] 	at scala.collection.parallel.Task.tryLeaf$(Tasks.scala:49)
[info] 	at scala.collection.parallel.ParIterableLike$Map.tryLeaf(ParIterableLike.scala:1017)
[info] 	at scala.collection.parallel.AdaptiveWorkStealingTasks$AWSTWrappedTask.internal(Tasks.scala:159)
[info] 	at scala.collection.parallel.AdaptiveWorkStealingTasks$AWSTWrappedTask.internal$(Tasks.scala:156)
[info] 	at scala.collection.parallel.AdaptiveWorkStealingForkJoinTasks$AWSFJTWrappedTask.internal(Tasks.scala:304)
[info] 	at scala.collection.parallel.AdaptiveWorkStealingTasks$AWSTWrappedTask.compute(Tasks.scala:149)
[info] 	at scala.collection.parallel.AdaptiveWorkStealingTasks$AWSTWrappedTask.compute$(Tasks.scala:148)
[info] 	at scala.collection.parallel.AdaptiveWorkStealingForkJoinTasks$AWSFJTWrappedTask.compute(Tasks.scala:304)
[info] 	at java.base/java.util.concurrent.RecursiveAction.exec(RecursiveAction.java:194)
[info] 	at java.base/java.util.concurrent.ForkJoinTask.doExec(ForkJoinTask.java:511)
[info] 	at java.base/java.util.concurrent.ForkJoinPool$WorkQueue.topLevelExec(ForkJoinPool.java:1450)
[info] 	at java.base/java.util.concurrent.ForkJoinPool.runWorker(ForkJoinPool.java:2019)
[info] 	at java.base/java.util.concurrent.ForkJoinWorkerThread.run(ForkJoinWorkerThread.java:187)
[info] 21:07:22 WARN  c.zaxxer.hikari.pool.ProxyLeakTask - Connection leak detection triggered for com.mysql.cj.jdbc.ConnectionImpl@685b938c on thread scala-execution-context-global-92, stack trace follows
[info] java.lang.Exception: Apparent connection leak detected
[info] 	at com.zaxxer.hikari.HikariDataSource.getConnection(HikariDataSource.java:99)
[info] 	at com.patson.data.Meta$.getConnection(Meta.scala:37)
[info] 	at com.patson.data.AirplaneSource$.loadAirplanesByQueryString(AirplaneSource.scala:34)
[info] 	at com.patson.data.AirplaneSource$.loadAirplanesCriteria(AirplaneSource.scala:30)
[info] 	at com.patson.data.AirplaneSource$.loadAirplanesByOwner(AirplaneSource.scala:68)
[info] 	at com.patson.util.AirplaneOwnershipCache$SimpleLoader.load(AirplaneOwnershipCache.scala:30)
[info] 	at com.patson.util.AirplaneOwnershipCache$SimpleLoader.load(AirplaneOwnershipCache.scala:28)
[info] 	at com.github.benmanes.caffeine.cache.LocalLoadingCache.lambda$newMappingFunction$0(LocalLoadingCache.java:185)
[info] 	at com.github.benmanes.caffeine.cache.BoundedLocalCache.lambda$doComputeIfAbsent$0(BoundedLocalCache.java:2707)
[info] 	at java.base/java.util.concurrent.ConcurrentHashMap.compute(ConcurrentHashMap.java:1932)
[info] 	at com.github.benmanes.caffeine.cache.BoundedLocalCache.doComputeIfAbsent(BoundedLocalCache.java:2705)
[info] 	at com.github.benmanes.caffeine.cache.BoundedLocalCache.computeIfAbsent(BoundedLocalCache.java:2686)
[info] 	at com.github.benmanes.caffeine.cache.LocalCache.computeIfAbsent(LocalCache.java:112)
[info] 	at com.github.benmanes.caffeine.cache.LocalLoadingCache.get(LocalLoadingCache.java:60)
[info] 	at com.patson.util.AirplaneOwnershipCache$.getOwnershipInfo(AirplaneOwnershipCache.scala:12)
[info] 	at com.patson.model.airplane.AirplaneMaintenanceUtil$.$anonfun$getMaintenanceFactor$1(AirplaneMaintenanceUtil.scala:11)
[info] 	at scala.runtime.java8.JFunction0$mcD$sp.apply(JFunction0$mcD$sp.scala:17)
[info] 	at scala.Option.getOrElse(Option.scala:201)
[info] 	at com.patson.model.airplane.AirplaneMaintenanceUtil$.getMaintenanceFactor(AirplaneMaintenanceUtil.scala:11)
[info] 	at com.patson.LinkSimulation$.computeLinkAndLoungeConsumptionDetail(LinkSimulation.scala:351)
[info] 	at com.patson.LinkSimulation$.$anonfun$linkSimulation$24(LinkSimulation.scala:157)
[info] 	at scala.collection.parallel.AugmentedIterableIterator.map2combiner(RemainsIterator.scala:107)
[info] 	at scala.collection.parallel.AugmentedIterableIterator.map2combiner$(RemainsIterator.scala:104)
[info] 	at scala.collection.parallel.immutable.ParVector$ParVectorIterator.map2combiner(ParVector.scala:70)
[info] 	at scala.collection.parallel.ParIterableLike$Map.leaf(ParIterableLike.scala:1020)
[info] 	at scala.collection.parallel.Task.$anonfun$tryLeaf$1(Tasks.scala:52)
[info] 	at scala.runtime.java8.JFunction0$mcV$sp.apply(JFunction0$mcV$sp.scala:18)
[info] 	at scala.util.control.Breaks$$anon$1.catchBreak(Breaks.scala:97)
[info] 	at scala.collection.parallel.Task.tryLeaf(Tasks.scala:55)
[info] 	at scala.collection.parallel.Task.tryLeaf$(Tasks.scala:49)
[info] 	at scala.collection.parallel.ParIterableLike$Map.tryLeaf(ParIterableLike.scala:1017)
[info] 	at scala.collection.parallel.AdaptiveWorkStealingTasks$AWSTWrappedTask.internal(Tasks.scala:159)
[info] 	at scala.collection.parallel.AdaptiveWorkStealingTasks$AWSTWrappedTask.internal$(Tasks.scala:156)
[info] 	at scala.collection.parallel.AdaptiveWorkStealingForkJoinTasks$AWSFJTWrappedTask.internal(Tasks.scala:304)
[info] 	at scala.collection.parallel.AdaptiveWorkStealingTasks$AWSTWrappedTask.compute(Tasks.scala:149)
[info] 	at scala.collection.parallel.AdaptiveWorkStealingTasks$AWSTWrappedTask.compute$(Tasks.scala:148)
[info] 	at scala.collection.parallel.AdaptiveWorkStealingForkJoinTasks$AWSFJTWrappedTask.compute(Tasks.scala:304)
[info] 	at java.base/java.util.concurrent.RecursiveAction.exec(RecursiveAction.java:194)
[info] 	at java.base/java.util.concurrent.ForkJoinTask.doExec(ForkJoinTask.java:511)
[info] 	at java.base/java.util.concurrent.ForkJoinPool.helpJoin(ForkJoinPool.java:2304)
[info] 	at java.base/java.util.concurrent.ForkJoinTask.awaitDone(ForkJoinTask.java:499)
[info] 	at java.base/java.util.concurrent.ForkJoinTask.join(ForkJoinTask.java:669)
[info] 	at scala.collection.parallel.ForkJoinTasks$FJTWrappedTask.sync(Tasks.scala:243)
[info] 	at scala.collection.parallel.ForkJoinTasks$FJTWrappedTask.sync$(Tasks.scala:243)
[info] 	at scala.collection.parallel.AdaptiveWorkStealingForkJoinTasks$AWSFJTWrappedTask.sync(Tasks.scala:304)
[info] 	at scala.collection.parallel.AdaptiveWorkStealingTasks$AWSTWrappedTask.internal(Tasks.scala:173)
[info] 	at scala.collection.parallel.AdaptiveWorkStealingTasks$AWSTWrappedTask.internal$(Tasks.scala:156)
[info] 	at scala.collection.parallel.AdaptiveWorkStealingForkJoinTasks$AWSFJTWrappedTask.internal(Tasks.scala:304)
[info] 	at scala.collection.parallel.AdaptiveWorkStealingTasks$AWSTWrappedTask.compute(Tasks.scala:149)
[info] 	at scala.collection.parallel.AdaptiveWorkStealingTasks$AWSTWrappedTask.compute$(Tasks.scala:148)
[info] 	at scala.collection.parallel.AdaptiveWorkStealingForkJoinTasks$AWSFJTWrappedTask.compute(Tasks.scala:304)
[info] 	at java.base/java.util.concurrent.RecursiveAction.exec(RecursiveAction.java:194)
[info] 	at java.base/java.util.concurrent.ForkJoinTask.doExec(ForkJoinTask.java:511)
[info] 	at java.base/java.util.concurrent.ForkJoinPool$WorkQueue.topLevelExec(ForkJoinPool.java:1450)
[info] 	at java.base/java.util.concurrent.ForkJoinPool.runWorker(ForkJoinPool.java:2019)
[info] 	at java.base/java.util.concurrent.ForkJoinWorkerThread.run(ForkJoinWorkerThread.java:187)
[info] 21:07:22 WARN  c.zaxxer.hikari.pool.ProxyLeakTask - Connection leak detection triggered for com.mysql.cj.jdbc.ConnectionImpl@4ce2c180 on thread scala-execution-context-global-96, stack trace follows
[info] java.lang.Exception: Apparent connection leak detected
[info] 	at com.zaxxer.hikari.HikariDataSource.getConnection(HikariDataSource.java:99)
[info] 	at com.patson.data.Meta$.getConnection(Meta.scala:37)
[info] 	at com.patson.data.AirplaneSource$.loadAirplanesByQueryString(AirplaneSource.scala:34)
[info] 	at com.patson.data.AirplaneSource$.loadAirplanesCriteria(AirplaneSource.scala:30)
[info] 	at com.patson.data.AirplaneSource$.loadAirplanesByOwner(AirplaneSource.scala:68)
[info] 	at com.patson.util.AirplaneOwnershipCache$SimpleLoader.load(AirplaneOwnershipCache.scala:30)
[info] 	at com.patson.util.AirplaneOwnershipCache$SimpleLoader.load(AirplaneOwnershipCache.scala:28)
[info] 	at com.github.benmanes.caffeine.cache.LocalLoadingCache.lambda$newMappingFunction$0(LocalLoadingCache.java:185)
[info] 	at com.github.benmanes.caffeine.cache.BoundedLocalCache.lambda$doComputeIfAbsent$0(BoundedLocalCache.java:2707)
[info] 	at java.base/java.util.concurrent.ConcurrentHashMap.compute(ConcurrentHashMap.java:1932)
[info] 	at com.github.benmanes.caffeine.cache.BoundedLocalCache.doComputeIfAbsent(BoundedLocalCache.java:2705)
[info] 	at com.github.benmanes.caffeine.cache.BoundedLocalCache.computeIfAbsent(BoundedLocalCache.java:2686)
[info] 	at com.github.benmanes.caffeine.cache.LocalCache.computeIfAbsent(LocalCache.java:112)
[info] 	at com.github.benmanes.caffeine.cache.LocalLoadingCache.get(LocalLoadingCache.java:60)
[info] 	at com.patson.util.AirplaneOwnershipCache$.getOwnershipInfo(AirplaneOwnershipCache.scala:12)
[info] 	at com.patson.model.airplane.AirplaneMaintenanceUtil$.$anonfun$getMaintenanceFactor$1(AirplaneMaintenanceUtil.scala:11)
[info] 	at scala.runtime.java8.JFunction0$mcD$sp.apply(JFunction0$mcD$sp.scala:17)
[info] 	at scala.Option.getOrElse(Option.scala:201)
[info] 	at com.patson.model.airplane.AirplaneMaintenanceUtil$.getMaintenanceFactor(AirplaneMaintenanceUtil.scala:11)
[info] 	at com.patson.LinkSimulation$.computeLinkAndLoungeConsumptionDetail(LinkSimulation.scala:351)
[info] 	at com.patson.LinkSimulation$.$anonfun$linkSimulation$24(LinkSimulation.scala:157)
[info] 	at scala.collection.parallel.AugmentedIterableIterator.map2combiner(RemainsIterator.scala:107)
[info] 	at scala.collection.parallel.AugmentedIterableIterator.map2combiner$(RemainsIterator.scala:104)
[info] 	at scala.collection.parallel.immutable.ParVector$ParVectorIterator.map2combiner(ParVector.scala:70)
[info] 	at scala.collection.parallel.ParIterableLike$Map.leaf(ParIterableLike.scala:1020)
[info] 	at scala.collection.parallel.Task.$anonfun$tryLeaf$1(Tasks.scala:52)
[info] 	at scala.runtime.java8.JFunction0$mcV$sp.apply(JFunction0$mcV$sp.scala:18)
[info] 	at scala.util.control.Breaks$$anon$1.catchBreak(Breaks.scala:97)
[info] 	at scala.collection.parallel.Task.tryLeaf(Tasks.scala:55)
[info] 	at scala.collection.parallel.Task.tryLeaf$(Tasks.scala:49)
[info] 	at scala.collection.parallel.ParIterableLike$Map.tryLeaf(ParIterableLike.scala:1017)
[info] 	at scala.collection.parallel.AdaptiveWorkStealingTasks$AWSTWrappedTask.internal(Tasks.scala:159)
[info] 	at scala.collection.parallel.AdaptiveWorkStealingTasks$AWSTWrappedTask.internal$(Tasks.scala:156)
[info] 	at scala.collection.parallel.AdaptiveWorkStealingForkJoinTasks$AWSFJTWrappedTask.internal(Tasks.scala:304)
[info] 	at scala.collection.parallel.AdaptiveWorkStealingTasks$AWSTWrappedTask.compute(Tasks.scala:149)
[info] 	at scala.collection.parallel.AdaptiveWorkStealingTasks$AWSTWrappedTask.compute$(Tasks.scala:148)
[info] 	at scala.collection.parallel.AdaptiveWorkStealingForkJoinTasks$AWSFJTWrappedTask.compute(Tasks.scala:304)
[info] 	at java.base/java.util.concurrent.RecursiveAction.exec(RecursiveAction.java:194)
[info] 	at java.base/java.util.concurrent.ForkJoinTask.doExec(ForkJoinTask.java:511)
[info] 	at java.base/java.util.concurrent.ForkJoinPool$WorkQueue.topLevelExec(ForkJoinPool.java:1450)
[info] 	at java.base/java.util.concurrent.ForkJoinPool.runWorker(ForkJoinPool.java:2019)
[info] 	at java.base/java.util.concurrent.ForkJoinWorkerThread.run(ForkJoinWorkerThread.java:187)
[info] 21:07:22 WARN  c.zaxxer.hikari.pool.ProxyLeakTask - Connection leak detection triggered for com.mysql.cj.jdbc.ConnectionImpl@4a6b3b70 on thread scala-execution-context-global-117, stack trace follows
[info] java.lang.Exception: Apparent connection leak detected
[info] 	at com.zaxxer.hikari.HikariDataSource.getConnection(HikariDataSource.java:99)
[info] 	at com.patson.data.Meta$.getConnection(Meta.scala:37)
[info] 	at com.patson.data.AirplaneSource$.loadAirplanesByQueryString(AirplaneSource.scala:34)
[info] 	at com.patson.data.AirplaneSource$.loadAirplanesCriteria(AirplaneSource.scala:30)
[info] 	at com.patson.data.AirplaneSource$.loadAirplanesByOwner(AirplaneSource.scala:68)
[info] 	at com.patson.util.AirplaneOwnershipCache$SimpleLoader.load(AirplaneOwnershipCache.scala:30)
[info] 	at com.patson.util.AirplaneOwnershipCache$SimpleLoader.load(AirplaneOwnershipCache.scala:28)
[info] 	at com.github.benmanes.caffeine.cache.LocalLoadingCache.lambda$newMappingFunction$0(LocalLoadingCache.java:185)
[info] 	at com.github.benmanes.caffeine.cache.BoundedLocalCache.lambda$doComputeIfAbsent$0(BoundedLocalCache.java:2707)
[info] 	at java.base/java.util.concurrent.ConcurrentHashMap.compute(ConcurrentHashMap.java:1932)
[info] 	at com.github.benmanes.caffeine.cache.BoundedLocalCache.doComputeIfAbsent(BoundedLocalCache.java:2705)
[info] 	at com.github.benmanes.caffeine.cache.BoundedLocalCache.computeIfAbsent(BoundedLocalCache.java:2686)
[info] 	at com.github.benmanes.caffeine.cache.LocalCache.computeIfAbsent(LocalCache.java:112)
[info] 	at com.github.benmanes.caffeine.cache.LocalLoadingCache.get(LocalLoadingCache.java:60)
[info] 	at com.patson.util.AirplaneOwnershipCache$.getOwnershipInfo(AirplaneOwnershipCache.scala:12)
[info] 	at com.patson.model.airplane.AirplaneMaintenanceUtil$.$anonfun$getMaintenanceFactor$1(AirplaneMaintenanceUtil.scala:11)
[info] 	at scala.runtime.java8.JFunction0$mcD$sp.apply(JFunction0$mcD$sp.scala:17)
[info] 	at scala.Option.getOrElse(Option.scala:201)
[info] 	at com.patson.model.airplane.AirplaneMaintenanceUtil$.getMaintenanceFactor(AirplaneMaintenanceUtil.scala:11)
[info] 	at com.patson.LinkSimulation$.computeLinkAndLoungeConsumptionDetail(LinkSimulation.scala:351)
[info] 	at com.patson.LinkSimulation$.$anonfun$linkSimulation$24(LinkSimulation.scala:157)
[info] 	at scala.collection.parallel.AugmentedIterableIterator.map2combiner(RemainsIterator.scala:107)
[info] 	at scala.collection.parallel.AugmentedIterableIterator.map2combiner$(RemainsIterator.scala:104)
[info] 	at scala.collection.parallel.immutable.ParVector$ParVectorIterator.map2combiner(ParVector.scala:70)
[info] 	at scala.collection.parallel.ParIterableLike$Map.leaf(ParIterableLike.scala:1020)
[info] 	at scala.collection.parallel.Task.$anonfun$tryLeaf$1(Tasks.scala:52)
[info] 	at scala.runtime.java8.JFunction0$mcV$sp.apply(JFunction0$mcV$sp.scala:18)
[info] 	at scala.util.control.Breaks$$anon$1.catchBreak(Breaks.scala:97)
[info] 	at scala.collection.parallel.Task.tryLeaf(Tasks.scala:55)
[info] 	at scala.collection.parallel.Task.tryLeaf$(Tasks.scala:49)
[info] 	at scala.collection.parallel.ParIterableLike$Map.tryLeaf(ParIterableLike.scala:1017)
[info] 	at scala.collection.parallel.AdaptiveWorkStealingTasks$AWSTWrappedTask.internal(Tasks.scala:159)
[info] 	at scala.collection.parallel.AdaptiveWorkStealingTasks$AWSTWrappedTask.internal$(Tasks.scala:156)
[info] 	at scala.collection.parallel.AdaptiveWorkStealingForkJoinTasks$AWSFJTWrappedTask.internal(Tasks.scala:304)
[info] 	at scala.collection.parallel.AdaptiveWorkStealingTasks$AWSTWrappedTask.compute(Tasks.scala:149)
[info] 	at scala.collection.parallel.AdaptiveWorkStealingTasks$AWSTWrappedTask.compute$(Tasks.scala:148)
[info] 	at scala.collection.parallel.AdaptiveWorkStealingForkJoinTasks$AWSFJTWrappedTask.compute(Tasks.scala:304)
[info] 	at java.base/java.util.concurrent.RecursiveAction.exec(RecursiveAction.java:194)
[info] 	at java.base/java.util.concurrent.ForkJoinTask.doExec(ForkJoinTask.java:511)
[info] 	at java.base/java.util.concurrent.ForkJoinPool$WorkQueue.topLevelExec(ForkJoinPool.java:1450)
[info] 	at java.base/java.util.concurrent.ForkJoinPool.runWorker(ForkJoinPool.java:2019)
[info] 	at java.base/java.util.concurrent.ForkJoinWorkerThread.run(ForkJoinWorkerThread.java:187)
[info] 21:08:52 WARN  c.zaxxer.hikari.pool.ProxyLeakTask - Connection leak detection triggered for com.mysql.cj.jdbc.ConnectionImpl@3f5b21dc on thread scala-execution-context-global-103, stack trace follows
[info] java.lang.Exception: Apparent connection leak detected
[info] 	at com.zaxxer.hikari.HikariDataSource.getConnection(HikariDataSource.java:99)
[info] 	at com.patson.data.Meta$.getConnection(Meta.scala:37)
[info] 	at com.patson.data.AirplaneSource$.loadAirplanesByQueryString(AirplaneSource.scala:34)
[info] 	at com.patson.data.AirplaneSource$.loadAirplanesCriteria(AirplaneSource.scala:30)
[info] 	at com.patson.data.AirplaneSource$.loadAirplanesByOwner(AirplaneSource.scala:68)
[info] 	at com.patson.util.AirplaneOwnershipCache$SimpleLoader.load(AirplaneOwnershipCache.scala:30)
[info] 	at com.patson.util.AirplaneOwnershipCache$SimpleLoader.load(AirplaneOwnershipCache.scala:28)
[info] 	at com.github.benmanes.caffeine.cache.LocalLoadingCache.lambda$newMappingFunction$0(LocalLoadingCache.java:185)
[info] 	at com.github.benmanes.caffeine.cache.BoundedLocalCache.lambda$doComputeIfAbsent$0(BoundedLocalCache.java:2707)
[info] 	at java.base/java.util.concurrent.ConcurrentHashMap.compute(ConcurrentHashMap.java:1932)
[info] 	at com.github.benmanes.caffeine.cache.BoundedLocalCache.doComputeIfAbsent(BoundedLocalCache.java:2705)
[info] 	at com.github.benmanes.caffeine.cache.BoundedLocalCache.computeIfAbsent(BoundedLocalCache.java:2686)
[info] 	at com.github.benmanes.caffeine.cache.LocalCache.computeIfAbsent(LocalCache.java:112)
[info] 	at com.github.benmanes.caffeine.cache.LocalLoadingCache.get(LocalLoadingCache.java:60)
[info] 	at com.patson.util.AirplaneOwnershipCache$.getOwnershipInfo(AirplaneOwnershipCache.scala:12)
[info] 	at com.patson.model.airplane.AirplaneMaintenanceUtil$.$anonfun$getMaintenanceFactor$1(AirplaneMaintenanceUtil.scala:11)
[info] 	at scala.runtime.java8.JFunction0$mcD$sp.apply(JFunction0$mcD$sp.scala:17)
[info] 	at scala.Option.getOrElse(Option.scala:201)
[info] 	at com.patson.model.airplane.AirplaneMaintenanceUtil$.getMaintenanceFactor(AirplaneMaintenanceUtil.scala:11)
[info] 	at com.patson.LinkSimulation$.computeLinkAndLoungeConsumptionDetail(LinkSimulation.scala:351)
[info] 	at com.patson.LinkSimulation$.$anonfun$linkSimulation$24(LinkSimulation.scala:157)
[info] 	at scala.collection.parallel.AugmentedIterableIterator.map2combiner(RemainsIterator.scala:107)
[info] 	at scala.collection.parallel.AugmentedIterableIterator.map2combiner$(RemainsIterator.scala:104)
[info] 	at scala.collection.parallel.immutable.ParVector$ParVectorIterator.map2combiner(ParVector.scala:70)
[info] 	at scala.collection.parallel.ParIterableLike$Map.leaf(ParIterableLike.scala:1020)
[info] 	at scala.collection.parallel.Task.$anonfun$tryLeaf$1(Tasks.scala:52)
[info] 	at scala.runtime.java8.JFunction0$mcV$sp.apply(JFunction0$mcV$sp.scala:18)
[info] 	at scala.util.control.Breaks$$anon$1.catchBreak(Breaks.scala:97)
[info] 	at scala.collection.parallel.Task.tryLeaf(Tasks.scala:55)
[info] 	at scala.collection.parallel.Task.tryLeaf$(Tasks.scala:49)
[info] 	at scala.collection.parallel.ParIterableLike$Map.tryLeaf(ParIterableLike.scala:1017)
[info] 	at scala.collection.parallel.AdaptiveWorkStealingTasks$AWSTWrappedTask.compute(Tasks.scala:152)
[info] 	at scala.collection.parallel.AdaptiveWorkStealingTasks$AWSTWrappedTask.compute$(Tasks.scala:148)
[info] 	at scala.collection.parallel.AdaptiveWorkStealingForkJoinTasks$AWSFJTWrappedTask.compute(Tasks.scala:304)
[info] 	at java.base/java.util.concurrent.RecursiveAction.exec(RecursiveAction.java:194)
[info] 	at java.base/java.util.concurrent.ForkJoinTask.doExec(ForkJoinTask.java:511)
[info] 	at java.base/java.util.concurrent.ForkJoinPool$WorkQueue.topLevelExec(ForkJoinPool.java:1450)
[info] 	at java.base/java.util.concurrent.ForkJoinPool.runWorker(ForkJoinPool.java:2019)
[info] 	at java.base/java.util.concurrent.ForkJoinWorkerThread.run(ForkJoinWorkerThread.java:187)
[info] 21:08:52 WARN  c.zaxxer.hikari.pool.ProxyLeakTask - Connection leak detection triggered for com.mysql.cj.jdbc.ConnectionImpl@74933d87 on thread scala-execution-context-global-109, stack trace follows
[info] java.lang.Exception: Apparent connection leak detected
[info] 	at com.zaxxer.hikari.HikariDataSource.getConnection(HikariDataSource.java:99)
[info] 	at com.patson.data.Meta$.getConnection(Meta.scala:37)
[info] 	at com.patson.data.AirplaneSource$.loadAirplanesByQueryString(AirplaneSource.scala:34)
[info] 	at com.patson.data.AirplaneSource$.loadAirplanesCriteria(AirplaneSource.scala:30)
[info] 	at com.patson.data.AirplaneSource$.loadAirplanesByOwner(AirplaneSource.scala:68)
[info] 	at com.patson.util.AirplaneOwnershipCache$SimpleLoader.load(AirplaneOwnershipCache.scala:30)
[info] 	at com.patson.util.AirplaneOwnershipCache$SimpleLoader.load(AirplaneOwnershipCache.scala:28)
[info] 	at com.github.benmanes.caffeine.cache.LocalLoadingCache.lambda$newMappingFunction$0(LocalLoadingCache.java:185)
[info] 	at com.github.benmanes.caffeine.cache.BoundedLocalCache.lambda$doComputeIfAbsent$0(BoundedLocalCache.java:2707)
[info] 	at java.base/java.util.concurrent.ConcurrentHashMap.compute(ConcurrentHashMap.java:1932)
[info] 	at com.github.benmanes.caffeine.cache.BoundedLocalCache.doComputeIfAbsent(BoundedLocalCache.java:2705)
[info] 	at com.github.benmanes.caffeine.cache.BoundedLocalCache.computeIfAbsent(BoundedLocalCache.java:2686)
[info] 	at com.github.benmanes.caffeine.cache.LocalCache.computeIfAbsent(LocalCache.java:112)
[info] 	at com.github.benmanes.caffeine.cache.LocalLoadingCache.get(LocalLoadingCache.java:60)
[info] 	at com.patson.util.AirplaneOwnershipCache$.getOwnershipInfo(AirplaneOwnershipCache.scala:12)
[info] 	at com.patson.model.airplane.AirplaneMaintenanceUtil$.$anonfun$getMaintenanceFactor$1(AirplaneMaintenanceUtil.scala:11)
[info] 	at scala.runtime.java8.JFunction0$mcD$sp.apply(JFunction0$mcD$sp.scala:17)
[info] 	at scala.Option.getOrElse(Option.scala:201)
[info] 	at com.patson.model.airplane.AirplaneMaintenanceUtil$.getMaintenanceFactor(AirplaneMaintenanceUtil.scala:11)
[info] 	at com.patson.LinkSimulation$.computeLinkAndLoungeConsumptionDetail(LinkSimulation.scala:351)
[info] 	at com.patson.LinkSimulation$.$anonfun$linkSimulation$24(LinkSimulation.scala:157)
[info] 	at scala.collection.parallel.AugmentedIterableIterator.map2combiner(RemainsIterator.scala:107)
[info] 	at scala.collection.parallel.AugmentedIterableIterator.map2combiner$(RemainsIterator.scala:104)
[info] 	at scala.collection.parallel.immutable.ParVector$ParVectorIterator.map2combiner(ParVector.scala:70)
[info] 	at scala.collection.parallel.ParIterableLike$Map.leaf(ParIterableLike.scala:1020)
[info] 	at scala.collection.parallel.Task.$anonfun$tryLeaf$1(Tasks.scala:52)
[info] 	at scala.runtime.java8.JFunction0$mcV$sp.apply(JFunction0$mcV$sp.scala:18)
[info] 	at scala.util.control.Breaks$$anon$1.catchBreak(Breaks.scala:97)
[info] 	at scala.collection.parallel.Task.tryLeaf(Tasks.scala:55)
[info] 	at scala.collection.parallel.Task.tryLeaf$(Tasks.scala:49)
[info] 	at scala.collection.parallel.ParIterableLike$Map.tryLeaf(ParIterableLike.scala:1017)
[info] 	at scala.collection.parallel.AdaptiveWorkStealingTasks$AWSTWrappedTask.internal(Tasks.scala:159)
[info] 	at scala.collection.parallel.AdaptiveWorkStealingTasks$AWSTWrappedTask.internal$(Tasks.scala:156)
[info] 	at scala.collection.parallel.AdaptiveWorkStealingForkJoinTasks$AWSFJTWrappedTask.internal(Tasks.scala:304)
[info] 	at scala.collection.parallel.AdaptiveWorkStealingTasks$AWSTWrappedTask.compute(Tasks.scala:149)
[info] 	at scala.collection.parallel.AdaptiveWorkStealingTasks$AWSTWrappedTask.compute$(Tasks.scala:148)
[info] 	at scala.collection.parallel.AdaptiveWorkStealingForkJoinTasks$AWSFJTWrappedTask.compute(Tasks.scala:304)
[info] 	at java.base/java.util.concurrent.RecursiveAction.exec(RecursiveAction.java:194)
[info] 	at java.base/java.util.concurrent.ForkJoinTask.doExec(ForkJoinTask.java:511)
[info] 	at java.base/java.util.concurrent.ForkJoinPool$WorkQueue.topLevelExec(ForkJoinPool.java:1450)
[info] 	at java.base/java.util.concurrent.ForkJoinPool.runWorker(ForkJoinPool.java:2019)
[info] 	at java.base/java.util.concurrent.ForkJoinWorkerThread.run(ForkJoinWorkerThread.java:187)
[info] 21:08:52 WARN  c.zaxxer.hikari.pool.ProxyLeakTask - Connection leak detection triggered for com.mysql.cj.jdbc.ConnectionImpl@640a1c83 on thread scala-execution-context-global-101, stack trace follows
[info] java.lang.Exception: Apparent connection leak detected
[info] 	at com.zaxxer.hikari.HikariDataSource.getConnection(HikariDataSource.java:99)
[info] 	at com.patson.data.Meta$.getConnection(Meta.scala:37)
[info] 	at com.patson.data.AirplaneSource$.loadAirplanesByQueryString(AirplaneSource.scala:34)
[info] 	at com.patson.data.AirplaneSource$.loadAirplanesCriteria(AirplaneSource.scala:30)
[info] 	at com.patson.data.AirplaneSource$.loadAirplanesByOwner(AirplaneSource.scala:68)
[info] 	at com.patson.util.AirplaneOwnershipCache$SimpleLoader.load(AirplaneOwnershipCache.scala:30)
[info] 	at com.patson.util.AirplaneOwnershipCache$SimpleLoader.load(AirplaneOwnershipCache.scala:28)
[info] 	at com.github.benmanes.caffeine.cache.LocalLoadingCache.lambda$newMappingFunction$0(LocalLoadingCache.java:185)
[info] 	at com.github.benmanes.caffeine.cache.BoundedLocalCache.lambda$doComputeIfAbsent$0(BoundedLocalCache.java:2707)
[info] 	at java.base/java.util.concurrent.ConcurrentHashMap.compute(ConcurrentHashMap.java:1932)
[info] 	at com.github.benmanes.caffeine.cache.BoundedLocalCache.doComputeIfAbsent(BoundedLocalCache.java:2705)
[info] 	at com.github.benmanes.caffeine.cache.BoundedLocalCache.computeIfAbsent(BoundedLocalCache.java:2686)
[info] 	at com.github.benmanes.caffeine.cache.LocalCache.computeIfAbsent(LocalCache.java:112)
[info] 	at com.github.benmanes.caffeine.cache.LocalLoadingCache.get(LocalLoadingCache.java:60)
[info] 	at com.patson.util.AirplaneOwnershipCache$.getOwnershipInfo(AirplaneOwnershipCache.scala:12)
[info] 	at com.patson.model.airplane.AirplaneMaintenanceUtil$.$anonfun$getMaintenanceFactor$1(AirplaneMaintenanceUtil.scala:11)
[info] 	at scala.runtime.java8.JFunction0$mcD$sp.apply(JFunction0$mcD$sp.scala:17)
[info] 	at scala.Option.getOrElse(Option.scala:201)
[info] 	at com.patson.model.airplane.AirplaneMaintenanceUtil$.getMaintenanceFactor(AirplaneMaintenanceUtil.scala:11)
[info] 	at com.patson.LinkSimulation$.computeLinkAndLoungeConsumptionDetail(LinkSimulation.scala:351)
[info] 	at com.patson.LinkSimulation$.$anonfun$linkSimulation$24(LinkSimulation.scala:157)
[info] 	at scala.collection.parallel.AugmentedIterableIterator.map2combiner(RemainsIterator.scala:107)
[info] 	at scala.collection.parallel.AugmentedIterableIterator.map2combiner$(RemainsIterator.scala:104)
[info] 	at scala.collection.parallel.immutable.ParVector$ParVectorIterator.map2combiner(ParVector.scala:70)
[info] 	at scala.collection.parallel.ParIterableLike$Map.leaf(ParIterableLike.scala:1020)
[info] 	at scala.collection.parallel.Task.$anonfun$tryLeaf$1(Tasks.scala:52)
[info] 	at scala.runtime.java8.JFunction0$mcV$sp.apply(JFunction0$mcV$sp.scala:18)
[info] 	at scala.util.control.Breaks$$anon$1.catchBreak(Breaks.scala:97)
[info] 	at scala.collection.parallel.Task.tryLeaf(Tasks.scala:55)
[info] 	at scala.collection.parallel.Task.tryLeaf$(Tasks.scala:49)
[info] 	at scala.collection.parallel.ParIterableLike$Map.tryLeaf(ParIterableLike.scala:1017)
[info] 	at scala.collection.parallel.AdaptiveWorkStealingTasks$AWSTWrappedTask.internal(Tasks.scala:169)
[info] 	at scala.collection.parallel.AdaptiveWorkStealingTasks$AWSTWrappedTask.internal$(Tasks.scala:156)
[info] 	at scala.collection.parallel.AdaptiveWorkStealingForkJoinTasks$AWSFJTWrappedTask.internal(Tasks.scala:304)
[info] 	at scala.collection.parallel.AdaptiveWorkStealingTasks$AWSTWrappedTask.compute(Tasks.scala:149)
[info] 	at scala.collection.parallel.AdaptiveWorkStealingTasks$AWSTWrappedTask.compute$(Tasks.scala:148)
[info] 	at scala.collection.parallel.AdaptiveWorkStealingForkJoinTasks$AWSFJTWrappedTask.compute(Tasks.scala:304)
[info] 	at java.base/java.util.concurrent.RecursiveAction.exec(RecursiveAction.java:194)
[info] 	at java.base/java.util.concurrent.ForkJoinTask.doExec(ForkJoinTask.java:511)
[info] 	at java.base/java.util.concurrent.ForkJoinPool$WorkQueue.topLevelExec(ForkJoinPool.java:1450)
[info] 	at java.base/java.util.concurrent.ForkJoinPool.runWorker(ForkJoinPool.java:2019)
[info] 	at java.base/java.util.concurrent.ForkJoinWorkerThread.run(ForkJoinWorkerThread.java:187)
[info] 21:08:52 WARN  c.zaxxer.hikari.pool.ProxyLeakTask - Connection leak detection triggered for com.mysql.cj.jdbc.ConnectionImpl@5c9828ed on thread scala-execution-context-global-116, stack trace follows
[info] java.lang.Exception: Apparent connection leak detected
[info] 	at com.zaxxer.hikari.HikariDataSource.getConnection(HikariDataSource.java:99)
[info] 	at com.patson.data.Meta$.getConnection(Meta.scala:37)
[info] 	at com.patson.data.AirplaneSource$.loadAirplanesByQueryString(AirplaneSource.scala:34)
[info] 	at com.patson.data.AirplaneSource$.loadAirplanesCriteria(AirplaneSource.scala:30)
[info] 	at com.patson.data.AirplaneSource$.loadAirplanesByOwner(AirplaneSource.scala:68)
[info] 	at com.patson.util.AirplaneOwnershipCache$SimpleLoader.load(AirplaneOwnershipCache.scala:30)
[info] 	at com.patson.util.AirplaneOwnershipCache$SimpleLoader.load(AirplaneOwnershipCache.scala:28)
[info] 	at com.github.benmanes.caffeine.cache.LocalLoadingCache.lambda$newMappingFunction$0(LocalLoadingCache.java:185)
[info] 	at com.github.benmanes.caffeine.cache.BoundedLocalCache.lambda$doComputeIfAbsent$0(BoundedLocalCache.java:2707)
[info] 	at java.base/java.util.concurrent.ConcurrentHashMap.compute(ConcurrentHashMap.java:1932)
[info] 	at com.github.benmanes.caffeine.cache.BoundedLocalCache.doComputeIfAbsent(BoundedLocalCache.java:2705)
[info] 	at com.github.benmanes.caffeine.cache.BoundedLocalCache.computeIfAbsent(BoundedLocalCache.java:2686)
[info] 	at com.github.benmanes.caffeine.cache.LocalCache.computeIfAbsent(LocalCache.java:112)
[info] 	at com.github.benmanes.caffeine.cache.LocalLoadingCache.get(LocalLoadingCache.java:60)
[info] 	at com.patson.util.AirplaneOwnershipCache$.getOwnershipInfo(AirplaneOwnershipCache.scala:12)
[info] 	at com.patson.model.airplane.AirplaneMaintenanceUtil$.$anonfun$getMaintenanceFactor$1(AirplaneMaintenanceUtil.scala:11)
[info] 	at scala.runtime.java8.JFunction0$mcD$sp.apply(JFunction0$mcD$sp.scala:17)
[info] 	at scala.Option.getOrElse(Option.scala:201)
[info] 	at com.patson.model.airplane.AirplaneMaintenanceUtil$.getMaintenanceFactor(AirplaneMaintenanceUtil.scala:11)
[info] 	at com.patson.LinkSimulation$.computeLinkAndLoungeConsumptionDetail(LinkSimulation.scala:351)
[info] 	at com.patson.LinkSimulation$.$anonfun$linkSimulation$24(LinkSimulation.scala:157)
[info] 	at scala.collection.parallel.AugmentedIterableIterator.map2combiner(RemainsIterator.scala:107)
[info] 	at scala.collection.parallel.AugmentedIterableIterator.map2combiner$(RemainsIterator.scala:104)
[info] 	at scala.collection.parallel.immutable.ParVector$ParVectorIterator.map2combiner(ParVector.scala:70)
[info] 	at scala.collection.parallel.ParIterableLike$Map.leaf(ParIterableLike.scala:1020)
[info] 	at scala.collection.parallel.Task.$anonfun$tryLeaf$1(Tasks.scala:52)
[info] 	at scala.runtime.java8.JFunction0$mcV$sp.apply(JFunction0$mcV$sp.scala:18)
[info] 	at scala.util.control.Breaks$$anon$1.catchBreak(Breaks.scala:97)
[info] 	at scala.collection.parallel.Task.tryLeaf(Tasks.scala:55)
[info] 	at scala.collection.parallel.Task.tryLeaf$(Tasks.scala:49)
[info] 	at scala.collection.parallel.ParIterableLike$Map.tryLeaf(ParIterableLike.scala:1017)
[info] 	at scala.collection.parallel.AdaptiveWorkStealingTasks$AWSTWrappedTask.internal(Tasks.scala:159)
[info] 	at scala.collection.parallel.AdaptiveWorkStealingTasks$AWSTWrappedTask.internal$(Tasks.scala:156)
[info] 	at scala.collection.parallel.AdaptiveWorkStealingForkJoinTasks$AWSFJTWrappedTask.internal(Tasks.scala:304)
[info] 	at scala.collection.parallel.AdaptiveWorkStealingTasks$AWSTWrappedTask.compute(Tasks.scala:149)
[info] 	at scala.collection.parallel.AdaptiveWorkStealingTasks$AWSTWrappedTask.compute$(Tasks.scala:148)
[info] 	at scala.collection.parallel.AdaptiveWorkStealingForkJoinTasks$AWSFJTWrappedTask.compute(Tasks.scala:304)
[info] 	at java.base/java.util.concurrent.RecursiveAction.exec(RecursiveAction.java:194)
[info] 	at java.base/java.util.concurrent.ForkJoinTask.doExec(ForkJoinTask.java:511)
[info] 	at java.base/java.util.concurrent.ForkJoinPool$WorkQueue.topLevelExec(ForkJoinPool.java:1450)
[info] 	at java.base/java.util.concurrent.ForkJoinPool.runWorker(ForkJoinPool.java:2019)
[info] 	at java.base/java.util.concurrent.ForkJoinWorkerThread.run(ForkJoinWorkerThread.java:187)
[info] 21:08:52 WARN  c.zaxxer.hikari.pool.ProxyLeakTask - Connection leak detection triggered for com.mysql.cj.jdbc.ConnectionImpl@1d09b755 on thread scala-execution-context-global-94, stack trace follows
[info] java.lang.Exception: Apparent connection leak detected
[info] 	at com.zaxxer.hikari.HikariDataSource.getConnection(HikariDataSource.java:99)
[info] 	at com.patson.data.Meta$.getConnection(Meta.scala:37)
[info] 	at com.patson.data.AirplaneSource$.loadAirplanesByQueryString(AirplaneSource.scala:34)
[info] 	at com.patson.data.AirplaneSource$.loadAirplanesCriteria(AirplaneSource.scala:30)
[info] 	at com.patson.data.AirplaneSource$.loadAirplanesByOwner(AirplaneSource.scala:68)
[info] 	at com.patson.util.AirplaneOwnershipCache$SimpleLoader.load(AirplaneOwnershipCache.scala:30)
[info] 	at com.patson.util.AirplaneOwnershipCache$SimpleLoader.load(AirplaneOwnershipCache.scala:28)
[info] 	at com.github.benmanes.caffeine.cache.LocalLoadingCache.lambda$newMappingFunction$0(LocalLoadingCache.java:185)
[info] 	at com.github.benmanes.caffeine.cache.BoundedLocalCache.lambda$doComputeIfAbsent$0(BoundedLocalCache.java:2707)
[info] 	at java.base/java.util.concurrent.ConcurrentHashMap.compute(ConcurrentHashMap.java:1932)
[info] 	at com.github.benmanes.caffeine.cache.BoundedLocalCache.doComputeIfAbsent(BoundedLocalCache.java:2705)
[info] 	at com.github.benmanes.caffeine.cache.BoundedLocalCache.computeIfAbsent(BoundedLocalCache.java:2686)
[info] 	at com.github.benmanes.caffeine.cache.LocalCache.computeIfAbsent(LocalCache.java:112)
[info] 	at com.github.benmanes.caffeine.cache.LocalLoadingCache.get(LocalLoadingCache.java:60)
[info] 	at com.patson.util.AirplaneOwnershipCache$.getOwnershipInfo(AirplaneOwnershipCache.scala:12)
[info] 	at com.patson.model.airplane.AirplaneMaintenanceUtil$.$anonfun$getMaintenanceFactor$1(AirplaneMaintenanceUtil.scala:11)
[info] 	at scala.runtime.java8.JFunction0$mcD$sp.apply(JFunction0$mcD$sp.scala:17)
[info] 	at scala.Option.getOrElse(Option.scala:201)
[info] 	at com.patson.model.airplane.AirplaneMaintenanceUtil$.getMaintenanceFactor(AirplaneMaintenanceUtil.scala:11)
[info] 	at com.patson.LinkSimulation$.computeLinkAndLoungeConsumptionDetail(LinkSimulation.scala:351)
[info] 	at com.patson.LinkSimulation$.$anonfun$linkSimulation$24(LinkSimulation.scala:157)
[info] 	at scala.collection.parallel.AugmentedIterableIterator.map2combiner(RemainsIterator.scala:107)
[info] 	at scala.collection.parallel.AugmentedIterableIterator.map2combiner$(RemainsIterator.scala:104)
[info] 	at scala.collection.parallel.immutable.ParVector$ParVectorIterator.map2combiner(ParVector.scala:70)
[info] 	at scala.collection.parallel.ParIterableLike$Map.leaf(ParIterableLike.scala:1020)
[info] 	at scala.collection.parallel.Task.$anonfun$tryLeaf$1(Tasks.scala:52)
[info] 	at scala.runtime.java8.JFunction0$mcV$sp.apply(JFunction0$mcV$sp.scala:18)
[info] 	at scala.util.control.Breaks$$anon$1.catchBreak(Breaks.scala:97)
[info] 	at scala.collection.parallel.Task.tryLeaf(Tasks.scala:55)
[info] 	at scala.collection.parallel.Task.tryLeaf$(Tasks.scala:49)
[info] 	at scala.collection.parallel.ParIterableLike$Map.tryLeaf(ParIterableLike.scala:1017)
[info] 	at scala.collection.parallel.AdaptiveWorkStealingTasks$AWSTWrappedTask.internal(Tasks.scala:159)
[info] 	at scala.collection.parallel.AdaptiveWorkStealingTasks$AWSTWrappedTask.internal$(Tasks.scala:156)
[info] 	at scala.collection.parallel.AdaptiveWorkStealingForkJoinTasks$AWSFJTWrappedTask.internal(Tasks.scala:304)
[info] 	at scala.collection.parallel.AdaptiveWorkStealingTasks$AWSTWrappedTask.compute(Tasks.scala:149)
[info] 	at scala.collection.parallel.AdaptiveWorkStealingTasks$AWSTWrappedTask.compute$(Tasks.scala:148)
[info] 	at scala.collection.parallel.AdaptiveWorkStealingForkJoinTasks$AWSFJTWrappedTask.compute(Tasks.scala:304)
[info] 	at java.base/java.util.concurrent.RecursiveAction.exec(RecursiveAction.java:194)
[info] 	at java.base/java.util.concurrent.ForkJoinTask.doExec(ForkJoinTask.java:511)
[info] 	at java.base/java.util.concurrent.ForkJoinPool$WorkQueue.topLevelExec(ForkJoinPool.java:1450)
[info] 	at java.base/java.util.concurrent.ForkJoinPool.runWorker(ForkJoinPool.java:2019)
[info] 	at java.base/java.util.concurrent.ForkJoinWorkerThread.run(ForkJoinWorkerThread.java:187)
[info] 21:08:52 WARN  c.zaxxer.hikari.pool.ProxyLeakTask - Connection leak detection triggered for com.mysql.cj.jdbc.ConnectionImpl@76ac9d0f on thread scala-execution-context-global-110, stack trace follows
[info] java.lang.Exception: Apparent connection leak detected
[info] 	at com.zaxxer.hikari.HikariDataSource.getConnection(HikariDataSource.java:99)
[info] 	at com.patson.data.Meta$.getConnection(Meta.scala:37)
[info] 	at com.patson.data.AirplaneSource$.loadAirplanesByQueryString(AirplaneSource.scala:34)
[info] 	at com.patson.data.AirplaneSource$.loadAirplanesCriteria(AirplaneSource.scala:30)
[info] 	at com.patson.data.AirplaneSource$.loadAirplanesByOwner(AirplaneSource.scala:68)
[info] 	at com.patson.util.AirplaneOwnershipCache$SimpleLoader.load(AirplaneOwnershipCache.scala:30)
[info] 	at com.patson.util.AirplaneOwnershipCache$SimpleLoader.load(AirplaneOwnershipCache.scala:28)
[info] 	at com.github.benmanes.caffeine.cache.LocalLoadingCache.lambda$newMappingFunction$0(LocalLoadingCache.java:185)
[info] 	at com.github.benmanes.caffeine.cache.BoundedLocalCache.lambda$doComputeIfAbsent$0(BoundedLocalCache.java:2707)
[info] 	at java.base/java.util.concurrent.ConcurrentHashMap.compute(ConcurrentHashMap.java:1932)
[info] 	at com.github.benmanes.caffeine.cache.BoundedLocalCache.doComputeIfAbsent(BoundedLocalCache.java:2705)
[info] 	at com.github.benmanes.caffeine.cache.BoundedLocalCache.computeIfAbsent(BoundedLocalCache.java:2686)
[info] 	at com.github.benmanes.caffeine.cache.LocalCache.computeIfAbsent(LocalCache.java:112)
[info] 	at com.github.benmanes.caffeine.cache.LocalLoadingCache.get(LocalLoadingCache.java:60)
[info] 	at com.patson.util.AirplaneOwnershipCache$.getOwnershipInfo(AirplaneOwnershipCache.scala:12)
[info] 	at com.patson.model.airplane.AirplaneMaintenanceUtil$.$anonfun$getMaintenanceFactor$1(AirplaneMaintenanceUtil.scala:11)
[info] 	at scala.runtime.java8.JFunction0$mcD$sp.apply(JFunction0$mcD$sp.scala:17)
[info] 	at scala.Option.getOrElse(Option.scala:201)
[info] 	at com.patson.model.airplane.AirplaneMaintenanceUtil$.getMaintenanceFactor(AirplaneMaintenanceUtil.scala:11)
[info] 	at com.patson.LinkSimulation$.computeLinkAndLoungeConsumptionDetail(LinkSimulation.scala:351)
[info] 	at com.patson.LinkSimulation$.$anonfun$linkSimulation$24(LinkSimulation.scala:157)
[info] 	at scala.collection.parallel.AugmentedIterableIterator.map2combiner(RemainsIterator.scala:107)
[info] 	at scala.collection.parallel.AugmentedIterableIterator.map2combiner$(RemainsIterator.scala:104)
[info] 	at scala.collection.parallel.immutable.ParVector$ParVectorIterator.map2combiner(ParVector.scala:70)
[info] 	at scala.collection.parallel.ParIterableLike$Map.leaf(ParIterableLike.scala:1020)
[info] 	at scala.collection.parallel.Task.$anonfun$tryLeaf$1(Tasks.scala:52)
[info] 	at scala.runtime.java8.JFunction0$mcV$sp.apply(JFunction0$mcV$sp.scala:18)
[info] 	at scala.util.control.Breaks$$anon$1.catchBreak(Breaks.scala:97)
[info] 	at scala.collection.parallel.Task.tryLeaf(Tasks.scala:55)
[info] 	at scala.collection.parallel.Task.tryLeaf$(Tasks.scala:49)
[info] 	at scala.collection.parallel.ParIterableLike$Map.tryLeaf(ParIterableLike.scala:1017)
[info] 	at scala.collection.parallel.AdaptiveWorkStealingTasks$AWSTWrappedTask.internal(Tasks.scala:159)
[info] 	at scala.collection.parallel.AdaptiveWorkStealingTasks$AWSTWrappedTask.internal$(Tasks.scala:156)
[info] 	at scala.collection.parallel.AdaptiveWorkStealingForkJoinTasks$AWSFJTWrappedTask.internal(Tasks.scala:304)
[info] 	at scala.collection.parallel.AdaptiveWorkStealingTasks$AWSTWrappedTask.compute(Tasks.scala:149)
[info] 	at scala.collection.parallel.AdaptiveWorkStealingTasks$AWSTWrappedTask.compute$(Tasks.scala:148)
[info] 	at scala.collection.parallel.AdaptiveWorkStealingForkJoinTasks$AWSFJTWrappedTask.compute(Tasks.scala:304)
[info] 	at java.base/java.util.concurrent.RecursiveAction.exec(RecursiveAction.java:194)
[info] 	at java.base/java.util.concurrent.ForkJoinTask.doExec(ForkJoinTask.java:511)
[info] 	at java.base/java.util.concurrent.ForkJoinPool$WorkQueue.topLevelExec(ForkJoinPool.java:1450)
[info] 	at java.base/java.util.concurrent.ForkJoinPool.runWorker(ForkJoinPool.java:2019)
[info] 	at java.base/java.util.concurrent.ForkJoinWorkerThread.run(ForkJoinWorkerThread.java:187)
[info] 21:08:52 WARN  c.zaxxer.hikari.pool.ProxyLeakTask - Connection leak detection triggered for com.mysql.cj.jdbc.ConnectionImpl@500be196 on thread scala-execution-context-global-100, stack trace follows
[info] java.lang.Exception: Apparent connection leak detected
[info] 	at com.zaxxer.hikari.HikariDataSource.getConnection(HikariDataSource.java:99)
[info] 	at com.patson.data.Meta$.getConnection(Meta.scala:37)
[info] 	at com.patson.data.AirplaneSource$.loadAirplanesByQueryString(AirplaneSource.scala:34)
[info] 	at com.patson.data.AirplaneSource$.loadAirplanesCriteria(AirplaneSource.scala:30)
[info] 	at com.patson.data.AirplaneSource$.loadAirplanesByOwner(AirplaneSource.scala:68)
[info] 	at com.patson.util.AirplaneOwnershipCache$SimpleLoader.load(AirplaneOwnershipCache.scala:30)
[info] 	at com.patson.util.AirplaneOwnershipCache$SimpleLoader.load(AirplaneOwnershipCache.scala:28)
[info] 	at com.github.benmanes.caffeine.cache.LocalLoadingCache.lambda$newMappingFunction$0(LocalLoadingCache.java:185)
[info] 	at com.github.benmanes.caffeine.cache.BoundedLocalCache.lambda$doComputeIfAbsent$0(BoundedLocalCache.java:2707)
[info] 	at java.base/java.util.concurrent.ConcurrentHashMap.compute(ConcurrentHashMap.java:1932)
[info] 	at com.github.benmanes.caffeine.cache.BoundedLocalCache.doComputeIfAbsent(BoundedLocalCache.java:2705)
[info] 	at com.github.benmanes.caffeine.cache.BoundedLocalCache.computeIfAbsent(BoundedLocalCache.java:2686)
[info] 	at com.github.benmanes.caffeine.cache.LocalCache.computeIfAbsent(LocalCache.java:112)
[info] 	at com.github.benmanes.caffeine.cache.LocalLoadingCache.get(LocalLoadingCache.java:60)
[info] 	at com.patson.util.AirplaneOwnershipCache$.getOwnershipInfo(AirplaneOwnershipCache.scala:12)
[info] 	at com.patson.model.airplane.AirplaneMaintenanceUtil$.$anonfun$getMaintenanceFactor$1(AirplaneMaintenanceUtil.scala:11)
[info] 	at scala.runtime.java8.JFunction0$mcD$sp.apply(JFunction0$mcD$sp.scala:17)
[info] 	at scala.Option.getOrElse(Option.scala:201)
[info] 	at com.patson.model.airplane.AirplaneMaintenanceUtil$.getMaintenanceFactor(AirplaneMaintenanceUtil.scala:11)
[info] 	at com.patson.LinkSimulation$.computeLinkAndLoungeConsumptionDetail(LinkSimulation.scala:351)
[info] 	at com.patson.LinkSimulation$.$anonfun$linkSimulation$24(LinkSimulation.scala:157)
[info] 	at scala.collection.parallel.AugmentedIterableIterator.map2combiner(RemainsIterator.scala:107)
[info] 	at scala.collection.parallel.AugmentedIterableIterator.map2combiner$(RemainsIterator.scala:104)
[info] 	at scala.collection.parallel.immutable.ParVector$ParVectorIterator.map2combiner(ParVector.scala:70)
[info] 	at scala.collection.parallel.ParIterableLike$Map.leaf(ParIterableLike.scala:1020)
[info] 	at scala.collection.parallel.Task.$anonfun$tryLeaf$1(Tasks.scala:52)
[info] 	at scala.runtime.java8.JFunction0$mcV$sp.apply(JFunction0$mcV$sp.scala:18)
[info] 	at scala.util.control.Breaks$$anon$1.catchBreak(Breaks.scala:97)
[info] 	at scala.collection.parallel.Task.tryLeaf(Tasks.scala:55)
[info] 	at scala.collection.parallel.Task.tryLeaf$(Tasks.scala:49)
[info] 	at scala.collection.parallel.ParIterableLike$Map.tryLeaf(ParIterableLike.scala:1017)
[info] 	at scala.collection.parallel.AdaptiveWorkStealingTasks$AWSTWrappedTask.compute(Tasks.scala:152)
[info] 	at scala.collection.parallel.AdaptiveWorkStealingTasks$AWSTWrappedTask.compute$(Tasks.scala:148)
[info] 	at scala.collection.parallel.AdaptiveWorkStealingForkJoinTasks$AWSFJTWrappedTask.compute(Tasks.scala:304)
[info] 	at java.base/java.util.concurrent.RecursiveAction.exec(RecursiveAction.java:194)
[info] 	at java.base/java.util.concurrent.ForkJoinTask.doExec(ForkJoinTask.java:511)
[info] 	at java.base/java.util.concurrent.ForkJoinPool$WorkQueue.topLevelExec(ForkJoinPool.java:1450)
[info] 	at java.base/java.util.concurrent.ForkJoinPool.runWorker(ForkJoinPool.java:2019)
[info] 	at java.base/java.util.concurrent.ForkJoinWorkerThread.run(ForkJoinWorkerThread.java:187)
[info] 21:08:52 WARN  c.zaxxer.hikari.pool.ProxyLeakTask - Connection leak detection triggered for com.mysql.cj.jdbc.ConnectionImpl@2c8e0bd7 on thread scala-execution-context-global-95, stack trace follows
[info] java.lang.Exception: Apparent connection leak detected
[info] 	at com.zaxxer.hikari.HikariDataSource.getConnection(HikariDataSource.java:99)
[info] 	at com.patson.data.Meta$.getConnection(Meta.scala:37)
[info] 	at com.patson.data.AirplaneSource$.loadAirplanesByQueryString(AirplaneSource.scala:34)
[info] 	at com.patson.data.AirplaneSource$.loadAirplanesCriteria(AirplaneSource.scala:30)
[info] 	at com.patson.data.AirplaneSource$.loadAirplanesByOwner(AirplaneSource.scala:68)
[info] 	at com.patson.util.AirplaneOwnershipCache$SimpleLoader.load(AirplaneOwnershipCache.scala:30)
[info] 	at com.patson.util.AirplaneOwnershipCache$SimpleLoader.load(AirplaneOwnershipCache.scala:28)
[info] 	at com.github.benmanes.caffeine.cache.LocalLoadingCache.lambda$newMappingFunction$0(LocalLoadingCache.java:185)
[info] 	at com.github.benmanes.caffeine.cache.BoundedLocalCache.lambda$doComputeIfAbsent$0(BoundedLocalCache.java:2707)
[info] 	at java.base/java.util.concurrent.ConcurrentHashMap.compute(ConcurrentHashMap.java:1932)
[info] 	at com.github.benmanes.caffeine.cache.BoundedLocalCache.doComputeIfAbsent(BoundedLocalCache.java:2705)
[info] 	at com.github.benmanes.caffeine.cache.BoundedLocalCache.computeIfAbsent(BoundedLocalCache.java:2686)
[info] 	at com.github.benmanes.caffeine.cache.LocalCache.computeIfAbsent(LocalCache.java:112)
[info] 	at com.github.benmanes.caffeine.cache.LocalLoadingCache.get(LocalLoadingCache.java:60)
[info] 	at com.patson.util.AirplaneOwnershipCache$.getOwnershipInfo(AirplaneOwnershipCache.scala:12)
[info] 	at com.patson.model.airplane.AirplaneMaintenanceUtil$.$anonfun$getMaintenanceFactor$1(AirplaneMaintenanceUtil.scala:11)
[info] 	at scala.runtime.java8.JFunction0$mcD$sp.apply(JFunction0$mcD$sp.scala:17)
[info] 	at scala.Option.getOrElse(Option.scala:201)
[info] 	at com.patson.model.airplane.AirplaneMaintenanceUtil$.getMaintenanceFactor(AirplaneMaintenanceUtil.scala:11)
[info] 	at com.patson.LinkSimulation$.computeLinkAndLoungeConsumptionDetail(LinkSimulation.scala:351)
[info] 	at com.patson.LinkSimulation$.$anonfun$linkSimulation$24(LinkSimulation.scala:157)
[info] 	at scala.collection.parallel.AugmentedIterableIterator.map2combiner(RemainsIterator.scala:107)
[info] 	at scala.collection.parallel.AugmentedIterableIterator.map2combiner$(RemainsIterator.scala:104)
[info] 	at scala.collection.parallel.immutable.ParVector$ParVectorIterator.map2combiner(ParVector.scala:70)
[info] 	at scala.collection.parallel.ParIterableLike$Map.leaf(ParIterableLike.scala:1020)
[info] 	at scala.collection.parallel.Task.$anonfun$tryLeaf$1(Tasks.scala:52)
[info] 	at scala.runtime.java8.JFunction0$mcV$sp.apply(JFunction0$mcV$sp.scala:18)
[info] 	at scala.util.control.Breaks$$anon$1.catchBreak(Breaks.scala:97)
[info] 	at scala.collection.parallel.Task.tryLeaf(Tasks.scala:55)
[info] 	at scala.collection.parallel.Task.tryLeaf$(Tasks.scala:49)
[info] 	at scala.collection.parallel.ParIterableLike$Map.tryLeaf(ParIterableLike.scala:1017)
[info] 	at scala.collection.parallel.AdaptiveWorkStealingTasks$AWSTWrappedTask.internal(Tasks.scala:169)
[info] 	at scala.collection.parallel.AdaptiveWorkStealingTasks$AWSTWrappedTask.internal$(Tasks.scala:156)
[info] 	at scala.collection.parallel.AdaptiveWorkStealingForkJoinTasks$AWSFJTWrappedTask.internal(Tasks.scala:304)
[info] 	at scala.collection.parallel.AdaptiveWorkStealingTasks$AWSTWrappedTask.compute(Tasks.scala:149)
[info] 	at scala.collection.parallel.AdaptiveWorkStealingTasks$AWSTWrappedTask.compute$(Tasks.scala:148)
[info] 	at scala.collection.parallel.AdaptiveWorkStealingForkJoinTasks$AWSFJTWrappedTask.compute(Tasks.scala:304)
[info] 	at java.base/java.util.concurrent.RecursiveAction.exec(RecursiveAction.java:194)
[info] 	at java.base/java.util.concurrent.ForkJoinTask.doExec(ForkJoinTask.java:511)
[info] 	at java.base/java.util.concurrent.ForkJoinPool$WorkQueue.topLevelExec(ForkJoinPool.java:1450)
[info] 	at java.base/java.util.concurrent.ForkJoinPool.runWorker(ForkJoinPool.java:2019)
[info] 	at java.base/java.util.concurrent.ForkJoinWorkerThread.run(ForkJoinWorkerThread.java:187)
[info] 21:08:52 WARN  c.zaxxer.hikari.pool.ProxyLeakTask - Connection leak detection triggered for com.mysql.cj.jdbc.ConnectionImpl@4e7fffa4 on thread scala-execution-context-global-112, stack trace follows
[info] java.lang.Exception: Apparent connection leak detected
[info] 	at com.zaxxer.hikari.HikariDataSource.getConnection(HikariDataSource.java:99)
[info] 	at com.patson.data.Meta$.getConnection(Meta.scala:37)
[info] 	at com.patson.data.AirplaneSource$.loadAirplanesByQueryString(AirplaneSource.scala:34)
[info] 	at com.patson.data.AirplaneSource$.loadAirplanesCriteria(AirplaneSource.scala:30)
[info] 	at com.patson.data.AirplaneSource$.loadAirplanesByOwner(AirplaneSource.scala:68)
[info] 	at com.patson.util.AirplaneOwnershipCache$SimpleLoader.load(AirplaneOwnershipCache.scala:30)
[info] 	at com.patson.util.AirplaneOwnershipCache$SimpleLoader.load(AirplaneOwnershipCache.scala:28)
[info] 	at com.github.benmanes.caffeine.cache.LocalLoadingCache.lambda$newMappingFunction$0(LocalLoadingCache.java:185)
[info] 	at com.github.benmanes.caffeine.cache.BoundedLocalCache.lambda$doComputeIfAbsent$0(BoundedLocalCache.java:2707)
[info] 	at java.base/java.util.concurrent.ConcurrentHashMap.compute(ConcurrentHashMap.java:1932)
[info] 	at com.github.benmanes.caffeine.cache.BoundedLocalCache.doComputeIfAbsent(BoundedLocalCache.java:2705)
[info] 	at com.github.benmanes.caffeine.cache.BoundedLocalCache.computeIfAbsent(BoundedLocalCache.java:2686)
[info] 	at com.github.benmanes.caffeine.cache.LocalCache.computeIfAbsent(LocalCache.java:112)
[info] 	at com.github.benmanes.caffeine.cache.LocalLoadingCache.get(LocalLoadingCache.java:60)
[info] 	at com.patson.util.AirplaneOwnershipCache$.getOwnershipInfo(AirplaneOwnershipCache.scala:12)
[info] 	at com.patson.model.airplane.AirplaneMaintenanceUtil$.$anonfun$getMaintenanceFactor$1(AirplaneMaintenanceUtil.scala:11)
[info] 	at scala.runtime.java8.JFunction0$mcD$sp.apply(JFunction0$mcD$sp.scala:17)
[info] 	at scala.Option.getOrElse(Option.scala:201)
[info] 	at com.patson.model.airplane.AirplaneMaintenanceUtil$.getMaintenanceFactor(AirplaneMaintenanceUtil.scala:11)
[info] 	at com.patson.LinkSimulation$.computeLinkAndLoungeConsumptionDetail(LinkSimulation.scala:351)
[info] 	at com.patson.LinkSimulation$.$anonfun$linkSimulation$24(LinkSimulation.scala:157)
[info] 	at scala.collection.parallel.AugmentedIterableIterator.map2combiner(RemainsIterator.scala:107)
[info] 	at scala.collection.parallel.AugmentedIterableIterator.map2combiner$(RemainsIterator.scala:104)
[info] 	at scala.collection.parallel.immutable.ParVector$ParVectorIterator.map2combiner(ParVector.scala:70)
[info] 	at scala.collection.parallel.ParIterableLike$Map.leaf(ParIterableLike.scala:1020)
[info] 	at scala.collection.parallel.Task.$anonfun$tryLeaf$1(Tasks.scala:52)
[info] 	at scala.runtime.java8.JFunction0$mcV$sp.apply(JFunction0$mcV$sp.scala:18)
[info] 	at scala.util.control.Breaks$$anon$1.catchBreak(Breaks.scala:97)
[info] 	at scala.collection.parallel.Task.tryLeaf(Tasks.scala:55)
[info] 	at scala.collection.parallel.Task.tryLeaf$(Tasks.scala:49)
[info] 	at scala.collection.parallel.ParIterableLike$Map.tryLeaf(ParIterableLike.scala:1017)
[info] 	at scala.collection.parallel.AdaptiveWorkStealingTasks$AWSTWrappedTask.internal(Tasks.scala:169)
[info] 	at scala.collection.parallel.AdaptiveWorkStealingTasks$AWSTWrappedTask.internal$(Tasks.scala:156)
[info] 	at scala.collection.parallel.AdaptiveWorkStealingForkJoinTasks$AWSFJTWrappedTask.internal(Tasks.scala:304)
[info] 	at scala.collection.parallel.AdaptiveWorkStealingTasks$AWSTWrappedTask.compute(Tasks.scala:149)
[info] 	at scala.collection.parallel.AdaptiveWorkStealingTasks$AWSTWrappedTask.compute$(Tasks.scala:148)
[info] 	at scala.collection.parallel.AdaptiveWorkStealingForkJoinTasks$AWSFJTWrappedTask.compute(Tasks.scala:304)
[info] 	at java.base/java.util.concurrent.RecursiveAction.exec(RecursiveAction.java:194)
[info] 	at java.base/java.util.concurrent.ForkJoinTask.doExec(ForkJoinTask.java:511)
[info] 	at java.base/java.util.concurrent.ForkJoinPool$WorkQueue.topLevelExec(ForkJoinPool.java:1450)
[info] 	at java.base/java.util.concurrent.ForkJoinPool.runWorker(ForkJoinPool.java:2019)
[info] 	at java.base/java.util.concurrent.ForkJoinWorkerThread.run(ForkJoinWorkerThread.java:187)
[info] 21:08:52 WARN  c.zaxxer.hikari.pool.ProxyLeakTask - Connection leak detection triggered for com.mysql.cj.jdbc.ConnectionImpl@4ce2c180 on thread scala-execution-context-global-96, stack trace follows
[info] java.lang.Exception: Apparent connection leak detected
[info] 	at com.zaxxer.hikari.HikariDataSource.getConnection(HikariDataSource.java:99)
[info] 	at com.patson.data.Meta$.getConnection(Meta.scala:37)
[info] 	at com.patson.data.AirplaneSource$.loadAirplanesByQueryString(AirplaneSource.scala:34)
[info] 	at com.patson.data.AirplaneSource$.loadAirplanesCriteria(AirplaneSource.scala:30)
[info] 	at com.patson.data.AirplaneSource$.loadAirplanesByOwner(AirplaneSource.scala:68)
[info] 	at com.patson.util.AirplaneOwnershipCache$SimpleLoader.load(AirplaneOwnershipCache.scala:30)
[info] 	at com.patson.util.AirplaneOwnershipCache$SimpleLoader.load(AirplaneOwnershipCache.scala:28)
[info] 	at com.github.benmanes.caffeine.cache.LocalLoadingCache.lambda$newMappingFunction$0(LocalLoadingCache.java:185)
[info] 	at com.github.benmanes.caffeine.cache.BoundedLocalCache.lambda$doComputeIfAbsent$0(BoundedLocalCache.java:2707)
[info] 	at java.base/java.util.concurrent.ConcurrentHashMap.compute(ConcurrentHashMap.java:1932)
[info] 	at com.github.benmanes.caffeine.cache.BoundedLocalCache.doComputeIfAbsent(BoundedLocalCache.java:2705)
[info] 	at com.github.benmanes.caffeine.cache.BoundedLocalCache.computeIfAbsent(BoundedLocalCache.java:2686)
[info] 	at com.github.benmanes.caffeine.cache.LocalCache.computeIfAbsent(LocalCache.java:112)
[info] 	at com.github.benmanes.caffeine.cache.LocalLoadingCache.get(LocalLoadingCache.java:60)
[info] 	at com.patson.util.AirplaneOwnershipCache$.getOwnershipInfo(AirplaneOwnershipCache.scala:12)
[info] 	at com.patson.model.airplane.AirplaneMaintenanceUtil$.$anonfun$getMaintenanceFactor$1(AirplaneMaintenanceUtil.scala:11)
[info] 	at scala.runtime.java8.JFunction0$mcD$sp.apply(JFunction0$mcD$sp.scala:17)
[info] 	at scala.Option.getOrElse(Option.scala:201)
[info] 	at com.patson.model.airplane.AirplaneMaintenanceUtil$.getMaintenanceFactor(AirplaneMaintenanceUtil.scala:11)
[info] 	at com.patson.LinkSimulation$.computeLinkAndLoungeConsumptionDetail(LinkSimulation.scala:351)
[info] 	at com.patson.LinkSimulation$.$anonfun$linkSimulation$24(LinkSimulation.scala:157)
[info] 	at scala.collection.parallel.AugmentedIterableIterator.map2combiner(RemainsIterator.scala:107)
[info] 	at scala.collection.parallel.AugmentedIterableIterator.map2combiner$(RemainsIterator.scala:104)
[info] 	at scala.collection.parallel.immutable.ParVector$ParVectorIterator.map2combiner(ParVector.scala:70)
[info] 	at scala.collection.parallel.ParIterableLike$Map.leaf(ParIterableLike.scala:1020)
[info] 	at scala.collection.parallel.Task.$anonfun$tryLeaf$1(Tasks.scala:52)
[info] 	at scala.runtime.java8.JFunction0$mcV$sp.apply(JFunction0$mcV$sp.scala:18)
[info] 	at scala.util.control.Breaks$$anon$1.catchBreak(Breaks.scala:97)
[info] 	at scala.collection.parallel.Task.tryLeaf(Tasks.scala:55)
[info] 	at scala.collection.parallel.Task.tryLeaf$(Tasks.scala:49)
[info] 	at scala.collection.parallel.ParIterableLike$Map.tryLeaf(ParIterableLike.scala:1017)
[info] 	at scala.collection.parallel.AdaptiveWorkStealingTasks$AWSTWrappedTask.internal(Tasks.scala:159)
[info] 	at scala.collection.parallel.AdaptiveWorkStealingTasks$AWSTWrappedTask.internal$(Tasks.scala:156)
[info] 	at scala.collection.parallel.AdaptiveWorkStealingForkJoinTasks$AWSFJTWrappedTask.internal(Tasks.scala:304)
[info] 	at scala.collection.parallel.AdaptiveWorkStealingTasks$AWSTWrappedTask.compute(Tasks.scala:149)
[info] 	at scala.collection.parallel.AdaptiveWorkStealingTasks$AWSTWrappedTask.compute$(Tasks.scala:148)
[info] 	at scala.collection.parallel.AdaptiveWorkStealingForkJoinTasks$AWSFJTWrappedTask.compute(Tasks.scala:304)
[info] 	at java.base/java.util.concurrent.RecursiveAction.exec(RecursiveAction.java:194)
[info] 	at java.base/java.util.concurrent.ForkJoinTask.doExec(ForkJoinTask.java:511)
[info] 	at java.base/java.util.concurrent.ForkJoinPool.helpJoin(ForkJoinPool.java:2304)
[info] 	at java.base/java.util.concurrent.ForkJoinTask.awaitDone(ForkJoinTask.java:499)
[info] 	at java.base/java.util.concurrent.ForkJoinTask.join(ForkJoinTask.java:669)
[info] 	at scala.collection.parallel.ForkJoinTasks$FJTWrappedTask.sync(Tasks.scala:243)
[info] 	at scala.collection.parallel.ForkJoinTasks$FJTWrappedTask.sync$(Tasks.scala:243)
[info] 	at scala.collection.parallel.AdaptiveWorkStealingForkJoinTasks$AWSFJTWrappedTask.sync(Tasks.scala:304)
[info] 	at scala.collection.parallel.AdaptiveWorkStealingTasks$AWSTWrappedTask.internal(Tasks.scala:173)
[info] 	at scala.collection.parallel.AdaptiveWorkStealingTasks$AWSTWrappedTask.internal$(Tasks.scala:156)
[info] 	at scala.collection.parallel.AdaptiveWorkStealingForkJoinTasks$AWSFJTWrappedTask.internal(Tasks.scala:304)
[info] 	at scala.collection.parallel.AdaptiveWorkStealingTasks$AWSTWrappedTask.compute(Tasks.scala:149)
[info] 	at scala.collection.parallel.AdaptiveWorkStealingTasks$AWSTWrappedTask.compute$(Tasks.scala:148)
[info] 	at scala.collection.parallel.AdaptiveWorkStealingForkJoinTasks$AWSFJTWrappedTask.compute(Tasks.scala:304)
[info] 	at java.base/java.util.concurrent.RecursiveAction.exec(RecursiveAction.java:194)
[info] 	at java.base/java.util.concurrent.ForkJoinTask.doExec(ForkJoinTask.java:511)
[info] 	at java.base/java.util.concurrent.ForkJoinPool$WorkQueue.topLevelExec(ForkJoinPool.java:1450)
[info] 	at java.base/java.util.concurrent.ForkJoinPool.runWorker(ForkJoinPool.java:2019)
[info] 	at java.base/java.util.concurrent.ForkJoinWorkerThread.run(ForkJoinWorkerThread.java:187)
[info] 21:08:52 WARN  c.zaxxer.hikari.pool.ProxyLeakTask - Connection leak detection triggered for com.mysql.cj.jdbc.ConnectionImpl@874220c on thread scala-execution-context-global-98, stack trace follows
[info] java.lang.Exception: Apparent connection leak detected
[info] 	at com.zaxxer.hikari.HikariDataSource.getConnection(HikariDataSource.java:99)
[info] 	at com.patson.data.Meta$.getConnection(Meta.scala:37)
[info] 	at com.patson.data.AirplaneSource$.loadAirplanesByQueryString(AirplaneSource.scala:34)
[info] 	at com.patson.data.AirplaneSource$.loadAirplanesCriteria(AirplaneSource.scala:30)
[info] 	at com.patson.data.AirplaneSource$.loadAirplanesByOwner(AirplaneSource.scala:68)
[info] 	at com.patson.util.AirplaneOwnershipCache$SimpleLoader.load(AirplaneOwnershipCache.scala:30)
[info] 	at com.patson.util.AirplaneOwnershipCache$SimpleLoader.load(AirplaneOwnershipCache.scala:28)
[info] 	at com.github.benmanes.caffeine.cache.LocalLoadingCache.lambda$newMappingFunction$0(LocalLoadingCache.java:185)
[info] 	at com.github.benmanes.caffeine.cache.BoundedLocalCache.lambda$doComputeIfAbsent$0(BoundedLocalCache.java:2707)
[info] 	at java.base/java.util.concurrent.ConcurrentHashMap.compute(ConcurrentHashMap.java:1932)
[info] 	at com.github.benmanes.caffeine.cache.BoundedLocalCache.doComputeIfAbsent(BoundedLocalCache.java:2705)
[info] 	at com.github.benmanes.caffeine.cache.BoundedLocalCache.computeIfAbsent(BoundedLocalCache.java:2686)
[info] 	at com.github.benmanes.caffeine.cache.LocalCache.computeIfAbsent(LocalCache.java:112)
[info] 	at com.github.benmanes.caffeine.cache.LocalLoadingCache.get(LocalLoadingCache.java:60)
[info] 	at com.patson.util.AirplaneOwnershipCache$.getOwnershipInfo(AirplaneOwnershipCache.scala:12)
[info] 	at com.patson.model.airplane.AirplaneMaintenanceUtil$.$anonfun$getMaintenanceFactor$1(AirplaneMaintenanceUtil.scala:11)
[info] 	at scala.runtime.java8.JFunction0$mcD$sp.apply(JFunction0$mcD$sp.scala:17)
[info] 	at scala.Option.getOrElse(Option.scala:201)
[info] 	at com.patson.model.airplane.AirplaneMaintenanceUtil$.getMaintenanceFactor(AirplaneMaintenanceUtil.scala:11)
[info] 	at com.patson.LinkSimulation$.computeLinkAndLoungeConsumptionDetail(LinkSimulation.scala:351)
[info] 	at com.patson.LinkSimulation$.$anonfun$linkSimulation$24(LinkSimulation.scala:157)
[info] 	at scala.collection.parallel.AugmentedIterableIterator.map2combiner(RemainsIterator.scala:107)
[info] 	at scala.collection.parallel.AugmentedIterableIterator.map2combiner$(RemainsIterator.scala:104)
[info] 	at scala.collection.parallel.immutable.ParVector$ParVectorIterator.map2combiner(ParVector.scala:70)
[info] 	at scala.collection.parallel.ParIterableLike$Map.leaf(ParIterableLike.scala:1020)
[info] 	at scala.collection.parallel.Task.$anonfun$tryLeaf$1(Tasks.scala:52)
[info] 	at scala.runtime.java8.JFunction0$mcV$sp.apply(JFunction0$mcV$sp.scala:18)
[info] 	at scala.util.control.Breaks$$anon$1.catchBreak(Breaks.scala:97)
[info] 	at scala.collection.parallel.Task.tryLeaf(Tasks.scala:55)
[info] 	at scala.collection.parallel.Task.tryLeaf$(Tasks.scala:49)
[info] 	at scala.collection.parallel.ParIterableLike$Map.tryLeaf(ParIterableLike.scala:1017)
[info] 	at scala.collection.parallel.AdaptiveWorkStealingTasks$AWSTWrappedTask.internal(Tasks.scala:169)
[info] 	at scala.collection.parallel.AdaptiveWorkStealingTasks$AWSTWrappedTask.internal$(Tasks.scala:156)
[info] 	at scala.collection.parallel.AdaptiveWorkStealingForkJoinTasks$AWSFJTWrappedTask.internal(Tasks.scala:304)
[info] 	at scala.collection.parallel.AdaptiveWorkStealingTasks$AWSTWrappedTask.compute(Tasks.scala:149)
[info] 	at scala.collection.parallel.AdaptiveWorkStealingTasks$AWSTWrappedTask.compute$(Tasks.scala:148)
[info] 	at scala.collection.parallel.AdaptiveWorkStealingForkJoinTasks$AWSFJTWrappedTask.compute(Tasks.scala:304)
[info] 	at java.base/java.util.concurrent.RecursiveAction.exec(RecursiveAction.java:194)
[info] 	at java.base/java.util.concurrent.ForkJoinTask.doExec(ForkJoinTask.java:511)
[info] 	at java.base/java.util.concurrent.ForkJoinPool$WorkQueue.topLevelExec(ForkJoinPool.java:1450)
[info] 	at java.base/java.util.concurrent.ForkJoinPool.runWorker(ForkJoinPool.java:2019)
[info] 	at java.base/java.util.concurrent.ForkJoinWorkerThread.run(ForkJoinWorkerThread.java:187)
[info] 21:08:52 WARN  c.zaxxer.hikari.pool.ProxyLeakTask - Connection leak detection triggered for com.mysql.cj.jdbc.ConnectionImpl@451d8169 on thread scala-execution-context-global-108, stack trace follows
[info] java.lang.Exception: Apparent connection leak detected
[info] 	at com.zaxxer.hikari.HikariDataSource.getConnection(HikariDataSource.java:99)
[info] 	at com.patson.data.Meta$.getConnection(Meta.scala:37)
[info] 	at com.patson.data.AirplaneSource$.loadAirplanesByQueryString(AirplaneSource.scala:34)
[info] 	at com.patson.data.AirplaneSource$.loadAirplanesCriteria(AirplaneSource.scala:30)
[info] 	at com.patson.data.AirplaneSource$.loadAirplanesByOwner(AirplaneSource.scala:68)
[info] 	at com.patson.util.AirplaneOwnershipCache$SimpleLoader.load(AirplaneOwnershipCache.scala:30)
[info] 	at com.patson.util.AirplaneOwnershipCache$SimpleLoader.load(AirplaneOwnershipCache.scala:28)
[info] 	at com.github.benmanes.caffeine.cache.LocalLoadingCache.lambda$newMappingFunction$0(LocalLoadingCache.java:185)
[info] 	at com.github.benmanes.caffeine.cache.BoundedLocalCache.lambda$doComputeIfAbsent$0(BoundedLocalCache.java:2707)
[info] 	at java.base/java.util.concurrent.ConcurrentHashMap.compute(ConcurrentHashMap.java:1932)
[info] 	at com.github.benmanes.caffeine.cache.BoundedLocalCache.doComputeIfAbsent(BoundedLocalCache.java:2705)
[info] 	at com.github.benmanes.caffeine.cache.BoundedLocalCache.computeIfAbsent(BoundedLocalCache.java:2686)
[info] 	at com.github.benmanes.caffeine.cache.LocalCache.computeIfAbsent(LocalCache.java:112)
[info] 	at com.github.benmanes.caffeine.cache.LocalLoadingCache.get(LocalLoadingCache.java:60)
[info] 	at com.patson.util.AirplaneOwnershipCache$.getOwnershipInfo(AirplaneOwnershipCache.scala:12)
[info] 	at com.patson.model.airplane.AirplaneMaintenanceUtil$.$anonfun$getMaintenanceFactor$1(AirplaneMaintenanceUtil.scala:11)
[info] 	at scala.runtime.java8.JFunction0$mcD$sp.apply(JFunction0$mcD$sp.scala:17)
[info] 	at scala.Option.getOrElse(Option.scala:201)
[info] 	at com.patson.model.airplane.AirplaneMaintenanceUtil$.getMaintenanceFactor(AirplaneMaintenanceUtil.scala:11)
[info] 	at com.patson.LinkSimulation$.computeLinkAndLoungeConsumptionDetail(LinkSimulation.scala:351)
[info] 	at com.patson.LinkSimulation$.$anonfun$linkSimulation$24(LinkSimulation.scala:157)
[info] 	at scala.collection.parallel.AugmentedIterableIterator.map2combiner(RemainsIterator.scala:107)
[info] 	at scala.collection.parallel.AugmentedIterableIterator.map2combiner$(RemainsIterator.scala:104)
[info] 	at scala.collection.parallel.immutable.ParVector$ParVectorIterator.map2combiner(ParVector.scala:70)
[info] 	at scala.collection.parallel.ParIterableLike$Map.leaf(ParIterableLike.scala:1020)
[info] 	at scala.collection.parallel.Task.$anonfun$tryLeaf$1(Tasks.scala:52)
[info] 	at scala.runtime.java8.JFunction0$mcV$sp.apply(JFunction0$mcV$sp.scala:18)
[info] 	at scala.util.control.Breaks$$anon$1.catchBreak(Breaks.scala:97)
[info] 	at scala.collection.parallel.Task.tryLeaf(Tasks.scala:55)
[info] 	at scala.collection.parallel.Task.tryLeaf$(Tasks.scala:49)
[info] 	at scala.collection.parallel.ParIterableLike$Map.tryLeaf(ParIterableLike.scala:1017)
[info] 	at scala.collection.parallel.AdaptiveWorkStealingTasks$AWSTWrappedTask.internal(Tasks.scala:169)
[info] 	at scala.collection.parallel.AdaptiveWorkStealingTasks$AWSTWrappedTask.internal$(Tasks.scala:156)
[info] 	at scala.collection.parallel.AdaptiveWorkStealingForkJoinTasks$AWSFJTWrappedTask.internal(Tasks.scala:304)
[info] 	at scala.collection.parallel.AdaptiveWorkStealingTasks$AWSTWrappedTask.compute(Tasks.scala:149)
[info] 	at scala.collection.parallel.AdaptiveWorkStealingTasks$AWSTWrappedTask.compute$(Tasks.scala:148)
[info] 	at scala.collection.parallel.AdaptiveWorkStealingForkJoinTasks$AWSFJTWrappedTask.compute(Tasks.scala:304)
[info] 	at java.base/java.util.concurrent.RecursiveAction.exec(RecursiveAction.java:194)
[info] 	at java.base/java.util.concurrent.ForkJoinTask.doExec(ForkJoinTask.java:511)
[info] 	at java.base/java.util.concurrent.ForkJoinPool$WorkQueue.topLevelExec(ForkJoinPool.java:1450)
[info] 	at java.base/java.util.concurrent.ForkJoinPool.runWorker(ForkJoinPool.java:2019)
[info] 	at java.base/java.util.concurrent.ForkJoinWorkerThread.run(ForkJoinWorkerThread.java:187)
[info] 21:08:52 WARN  c.zaxxer.hikari.pool.ProxyLeakTask - Connection leak detection triggered for com.mysql.cj.jdbc.ConnectionImpl@66e97818 on thread scala-execution-context-global-92, stack trace follows
[info] java.lang.Exception: Apparent connection leak detected
[info] 	at com.zaxxer.hikari.HikariDataSource.getConnection(HikariDataSource.java:99)
[info] 	at com.patson.data.Meta$.getConnection(Meta.scala:37)
[info] 	at com.patson.data.AirplaneSource$.loadAirplanesByQueryString(AirplaneSource.scala:34)
[info] 	at com.patson.data.AirplaneSource$.loadAirplanesCriteria(AirplaneSource.scala:30)
[info] 	at com.patson.data.AirplaneSource$.loadAirplanesByOwner(AirplaneSource.scala:68)
[info] 	at com.patson.util.AirplaneOwnershipCache$SimpleLoader.load(AirplaneOwnershipCache.scala:30)
[info] 	at com.patson.util.AirplaneOwnershipCache$SimpleLoader.load(AirplaneOwnershipCache.scala:28)
[info] 	at com.github.benmanes.caffeine.cache.LocalLoadingCache.lambda$newMappingFunction$0(LocalLoadingCache.java:185)
[info] 	at com.github.benmanes.caffeine.cache.BoundedLocalCache.lambda$doComputeIfAbsent$0(BoundedLocalCache.java:2707)
[info] 	at java.base/java.util.concurrent.ConcurrentHashMap.compute(ConcurrentHashMap.java:1932)
[info] 	at com.github.benmanes.caffeine.cache.BoundedLocalCache.doComputeIfAbsent(BoundedLocalCache.java:2705)
[info] 	at com.github.benmanes.caffeine.cache.BoundedLocalCache.computeIfAbsent(BoundedLocalCache.java:2686)
[info] 	at com.github.benmanes.caffeine.cache.LocalCache.computeIfAbsent(LocalCache.java:112)
[info] 	at com.github.benmanes.caffeine.cache.LocalLoadingCache.get(LocalLoadingCache.java:60)
[info] 	at com.patson.util.AirplaneOwnershipCache$.getOwnershipInfo(AirplaneOwnershipCache.scala:12)
[info] 	at com.patson.model.airplane.AirplaneMaintenanceUtil$.$anonfun$getMaintenanceFactor$1(AirplaneMaintenanceUtil.scala:11)
[info] 	at scala.runtime.java8.JFunction0$mcD$sp.apply(JFunction0$mcD$sp.scala:17)
[info] 	at scala.Option.getOrElse(Option.scala:201)
[info] 	at com.patson.model.airplane.AirplaneMaintenanceUtil$.getMaintenanceFactor(AirplaneMaintenanceUtil.scala:11)
[info] 	at com.patson.LinkSimulation$.computeLinkAndLoungeConsumptionDetail(LinkSimulation.scala:351)
[info] 	at com.patson.LinkSimulation$.$anonfun$linkSimulation$24(LinkSimulation.scala:157)
[info] 	at scala.collection.parallel.AugmentedIterableIterator.map2combiner(RemainsIterator.scala:107)
[info] 	at scala.collection.parallel.AugmentedIterableIterator.map2combiner$(RemainsIterator.scala:104)
[info] 	at scala.collection.parallel.immutable.ParVector$ParVectorIterator.map2combiner(ParVector.scala:70)
[info] 	at scala.collection.parallel.ParIterableLike$Map.leaf(ParIterableLike.scala:1020)
[info] 	at scala.collection.parallel.Task.$anonfun$tryLeaf$1(Tasks.scala:52)
[info] 	at scala.runtime.java8.JFunction0$mcV$sp.apply(JFunction0$mcV$sp.scala:18)
[info] 	at scala.util.control.Breaks$$anon$1.catchBreak(Breaks.scala:97)
[info] 	at scala.collection.parallel.Task.tryLeaf(Tasks.scala:55)
[info] 	at scala.collection.parallel.Task.tryLeaf$(Tasks.scala:49)
[info] 	at scala.collection.parallel.ParIterableLike$Map.tryLeaf(ParIterableLike.scala:1017)
[info] 	at scala.collection.parallel.AdaptiveWorkStealingTasks$AWSTWrappedTask.internal(Tasks.scala:159)
[info] 	at scala.collection.parallel.AdaptiveWorkStealingTasks$AWSTWrappedTask.internal$(Tasks.scala:156)
[info] 	at scala.collection.parallel.AdaptiveWorkStealingForkJoinTasks$AWSFJTWrappedTask.internal(Tasks.scala:304)
[info] 	at scala.collection.parallel.AdaptiveWorkStealingTasks$AWSTWrappedTask.compute(Tasks.scala:149)
[info] 	at scala.collection.parallel.AdaptiveWorkStealingTasks$AWSTWrappedTask.compute$(Tasks.scala:148)
[info] 	at scala.collection.parallel.AdaptiveWorkStealingForkJoinTasks$AWSFJTWrappedTask.compute(Tasks.scala:304)
[info] 	at java.base/java.util.concurrent.RecursiveAction.exec(RecursiveAction.java:194)
[info] 	at java.base/java.util.concurrent.ForkJoinTask.doExec(ForkJoinTask.java:511)
[info] 	at java.base/java.util.concurrent.ForkJoinPool.helpJoin(ForkJoinPool.java:2304)
[info] 	at java.base/java.util.concurrent.ForkJoinTask.awaitDone(ForkJoinTask.java:499)
[info] 	at java.base/java.util.concurrent.ForkJoinTask.join(ForkJoinTask.java:669)
[info] 	at scala.collection.parallel.ForkJoinTasks$FJTWrappedTask.sync(Tasks.scala:243)
[info] 	at scala.collection.parallel.ForkJoinTasks$FJTWrappedTask.sync$(Tasks.scala:243)
[info] 	at scala.collection.parallel.AdaptiveWorkStealingForkJoinTasks$AWSFJTWrappedTask.sync(Tasks.scala:304)
[info] 	at scala.collection.parallel.AdaptiveWorkStealingTasks$AWSTWrappedTask.internal(Tasks.scala:173)
[info] 	at scala.collection.parallel.AdaptiveWorkStealingTasks$AWSTWrappedTask.internal$(Tasks.scala:156)
[info] 	at scala.collection.parallel.AdaptiveWorkStealingForkJoinTasks$AWSFJTWrappedTask.internal(Tasks.scala:304)
[info] 	at scala.collection.parallel.AdaptiveWorkStealingTasks$AWSTWrappedTask.compute(Tasks.scala:149)
[info] 	at scala.collection.parallel.AdaptiveWorkStealingTasks$AWSTWrappedTask.compute$(Tasks.scala:148)
[info] 	at scala.collection.parallel.AdaptiveWorkStealingForkJoinTasks$AWSFJTWrappedTask.compute(Tasks.scala:304)
[info] 	at java.base/java.util.concurrent.RecursiveAction.exec(RecursiveAction.java:194)
[info] 	at java.base/java.util.concurrent.ForkJoinTask.doExec(ForkJoinTask.java:511)
[info] 	at java.base/java.util.concurrent.ForkJoinPool$WorkQueue.topLevelExec(ForkJoinPool.java:1450)
[info] 	at java.base/java.util.concurrent.ForkJoinPool.runWorker(ForkJoinPool.java:2019)
[info] 	at java.base/java.util.concurrent.ForkJoinWorkerThread.run(ForkJoinWorkerThread.java:187)
[info] 21:08:52 WARN  c.zaxxer.hikari.pool.ProxyLeakTask - Connection leak detection triggered for com.mysql.cj.jdbc.ConnectionImpl@4a6b3b70 on thread scala-execution-context-global-118, stack trace follows
[info] java.lang.Exception: Apparent connection leak detected
[info] 	at com.zaxxer.hikari.HikariDataSource.getConnection(HikariDataSource.java:99)
[info] 	at com.patson.data.Meta$.getConnection(Meta.scala:37)
[info] 	at com.patson.data.AirplaneSource$.loadAirplanesByQueryString(AirplaneSource.scala:34)
[info] 	at com.patson.data.AirplaneSource$.loadAirplanesCriteria(AirplaneSource.scala:30)
[info] 	at com.patson.data.AirplaneSource$.loadAirplanesByOwner(AirplaneSource.scala:68)
[info] 	at com.patson.util.AirplaneOwnershipCache$SimpleLoader.load(AirplaneOwnershipCache.scala:30)
[info] 	at com.patson.util.AirplaneOwnershipCache$SimpleLoader.load(AirplaneOwnershipCache.scala:28)
[info] 	at com.github.benmanes.caffeine.cache.LocalLoadingCache.lambda$newMappingFunction$0(LocalLoadingCache.java:185)
[info] 	at com.github.benmanes.caffeine.cache.BoundedLocalCache.lambda$doComputeIfAbsent$0(BoundedLocalCache.java:2707)
[info] 	at java.base/java.util.concurrent.ConcurrentHashMap.compute(ConcurrentHashMap.java:1932)
[info] 	at com.github.benmanes.caffeine.cache.BoundedLocalCache.doComputeIfAbsent(BoundedLocalCache.java:2705)
[info] 	at com.github.benmanes.caffeine.cache.BoundedLocalCache.computeIfAbsent(BoundedLocalCache.java:2686)
[info] 	at com.github.benmanes.caffeine.cache.LocalCache.computeIfAbsent(LocalCache.java:112)
[info] 	at com.github.benmanes.caffeine.cache.LocalLoadingCache.get(LocalLoadingCache.java:60)
[info] 	at com.patson.util.AirplaneOwnershipCache$.getOwnershipInfo(AirplaneOwnershipCache.scala:12)
[info] 	at com.patson.model.airplane.AirplaneMaintenanceUtil$.$anonfun$getMaintenanceFactor$1(AirplaneMaintenanceUtil.scala:11)
[info] 	at scala.runtime.java8.JFunction0$mcD$sp.apply(JFunction0$mcD$sp.scala:17)
[info] 	at scala.Option.getOrElse(Option.scala:201)
[info] 	at com.patson.model.airplane.AirplaneMaintenanceUtil$.getMaintenanceFactor(AirplaneMaintenanceUtil.scala:11)
[info] 	at com.patson.LinkSimulation$.computeLinkAndLoungeConsumptionDetail(LinkSimulation.scala:351)
[info] 	at com.patson.LinkSimulation$.$anonfun$linkSimulation$24(LinkSimulation.scala:157)
[info] 	at scala.collection.parallel.AugmentedIterableIterator.map2combiner(RemainsIterator.scala:107)
[info] 	at scala.collection.parallel.AugmentedIterableIterator.map2combiner$(RemainsIterator.scala:104)
[info] 	at scala.collection.parallel.immutable.ParVector$ParVectorIterator.map2combiner(ParVector.scala:70)
[info] 	at scala.collection.parallel.ParIterableLike$Map.leaf(ParIterableLike.scala:1020)
[info] 	at scala.collection.parallel.Task.$anonfun$tryLeaf$1(Tasks.scala:52)
[info] 	at scala.runtime.java8.JFunction0$mcV$sp.apply(JFunction0$mcV$sp.scala:18)
[info] 	at scala.util.control.Breaks$$anon$1.catchBreak(Breaks.scala:97)
[info] 	at scala.collection.parallel.Task.tryLeaf(Tasks.scala:55)
[info] 	at scala.collection.parallel.Task.tryLeaf$(Tasks.scala:49)
[info] 	at scala.collection.parallel.ParIterableLike$Map.tryLeaf(ParIterableLike.scala:1017)
[info] 	at scala.collection.parallel.AdaptiveWorkStealingTasks$AWSTWrappedTask.internal(Tasks.scala:169)
[info] 	at scala.collection.parallel.AdaptiveWorkStealingTasks$AWSTWrappedTask.internal$(Tasks.scala:156)
[info] 	at scala.collection.parallel.AdaptiveWorkStealingForkJoinTasks$AWSFJTWrappedTask.internal(Tasks.scala:304)
[info] 	at scala.collection.parallel.AdaptiveWorkStealingTasks$AWSTWrappedTask.compute(Tasks.scala:149)
[info] 	at scala.collection.parallel.AdaptiveWorkStealingTasks$AWSTWrappedTask.compute$(Tasks.scala:148)
[info] 	at scala.collection.parallel.AdaptiveWorkStealingForkJoinTasks$AWSFJTWrappedTask.compute(Tasks.scala:304)
[info] 	at java.base/java.util.concurrent.RecursiveAction.exec(RecursiveAction.java:194)
[info] 	at java.base/java.util.concurrent.ForkJoinTask.doExec(ForkJoinTask.java:511)
[info] 	at java.base/java.util.concurrent.ForkJoinPool$WorkQueue.topLevelExec(ForkJoinPool.java:1450)
[info] 	at java.base/java.util.concurrent.ForkJoinPool.runWorker(ForkJoinPool.java:2019)
[info] 	at java.base/java.util.concurrent.ForkJoinWorkerThread.run(ForkJoinWorkerThread.java:187)
[info] 21:08:52 WARN  c.zaxxer.hikari.pool.ProxyLeakTask - Connection leak detection triggered for com.mysql.cj.jdbc.ConnectionImpl@685b938c on thread scala-execution-context-global-107, stack trace follows
[info] java.lang.Exception: Apparent connection leak detected
[info] 	at com.zaxxer.hikari.HikariDataSource.getConnection(HikariDataSource.java:99)
[info] 	at com.patson.data.Meta$.getConnection(Meta.scala:37)
[info] 	at com.patson.data.AirplaneSource$.loadAirplanesByQueryString(AirplaneSource.scala:34)
[info] 	at com.patson.data.AirplaneSource$.loadAirplanesCriteria(AirplaneSource.scala:30)
[info] 	at com.patson.data.AirplaneSource$.loadAirplanesByOwner(AirplaneSource.scala:68)
[info] 	at com.patson.util.AirplaneOwnershipCache$SimpleLoader.load(AirplaneOwnershipCache.scala:30)
[info] 	at com.patson.util.AirplaneOwnershipCache$SimpleLoader.load(AirplaneOwnershipCache.scala:28)
[info] 	at com.github.benmanes.caffeine.cache.LocalLoadingCache.lambda$newMappingFunction$0(LocalLoadingCache.java:185)
[info] 	at com.github.benmanes.caffeine.cache.BoundedLocalCache.lambda$doComputeIfAbsent$0(BoundedLocalCache.java:2707)
[info] 	at java.base/java.util.concurrent.ConcurrentHashMap.compute(ConcurrentHashMap.java:1932)
[info] 	at com.github.benmanes.caffeine.cache.BoundedLocalCache.doComputeIfAbsent(BoundedLocalCache.java:2705)
[info] 	at com.github.benmanes.caffeine.cache.BoundedLocalCache.computeIfAbsent(BoundedLocalCache.java:2686)
[info] 	at com.github.benmanes.caffeine.cache.LocalCache.computeIfAbsent(LocalCache.java:112)
[info] 	at com.github.benmanes.caffeine.cache.LocalLoadingCache.get(LocalLoadingCache.java:60)
[info] 	at com.patson.util.AirplaneOwnershipCache$.getOwnershipInfo(AirplaneOwnershipCache.scala:12)
[info] 	at com.patson.model.airplane.AirplaneMaintenanceUtil$.$anonfun$getMaintenanceFactor$1(AirplaneMaintenanceUtil.scala:11)
[info] 	at scala.runtime.java8.JFunction0$mcD$sp.apply(JFunction0$mcD$sp.scala:17)
[info] 	at scala.Option.getOrElse(Option.scala:201)
[info] 	at com.patson.model.airplane.AirplaneMaintenanceUtil$.getMaintenanceFactor(AirplaneMaintenanceUtil.scala:11)
[info] 	at com.patson.LinkSimulation$.computeLinkAndLoungeConsumptionDetail(LinkSimulation.scala:351)
[info] 	at com.patson.LinkSimulation$.$anonfun$linkSimulation$24(LinkSimulation.scala:157)
[info] 	at scala.collection.parallel.AugmentedIterableIterator.map2combiner(RemainsIterator.scala:107)
[info] 	at scala.collection.parallel.AugmentedIterableIterator.map2combiner$(RemainsIterator.scala:104)
[info] 	at scala.collection.parallel.immutable.ParVector$ParVectorIterator.map2combiner(ParVector.scala:70)
[info] 	at scala.collection.parallel.ParIterableLike$Map.leaf(ParIterableLike.scala:1020)
[info] 	at scala.collection.parallel.Task.$anonfun$tryLeaf$1(Tasks.scala:52)
[info] 	at scala.runtime.java8.JFunction0$mcV$sp.apply(JFunction0$mcV$sp.scala:18)
[info] 	at scala.util.control.Breaks$$anon$1.catchBreak(Breaks.scala:97)
[info] 	at scala.collection.parallel.Task.tryLeaf(Tasks.scala:55)
[info] 	at scala.collection.parallel.Task.tryLeaf$(Tasks.scala:49)
[info] 	at scala.collection.parallel.ParIterableLike$Map.tryLeaf(ParIterableLike.scala:1017)
[info] 	at scala.collection.parallel.AdaptiveWorkStealingTasks$AWSTWrappedTask.internal(Tasks.scala:169)
[info] 	at scala.collection.parallel.AdaptiveWorkStealingTasks$AWSTWrappedTask.internal$(Tasks.scala:156)
[info] 	at scala.collection.parallel.AdaptiveWorkStealingForkJoinTasks$AWSFJTWrappedTask.internal(Tasks.scala:304)
[info] 	at scala.collection.parallel.AdaptiveWorkStealingTasks$AWSTWrappedTask.compute(Tasks.scala:149)
[info] 	at scala.collection.parallel.AdaptiveWorkStealingTasks$AWSTWrappedTask.compute$(Tasks.scala:148)
[info] 	at scala.collection.parallel.AdaptiveWorkStealingForkJoinTasks$AWSFJTWrappedTask.compute(Tasks.scala:304)
[info] 	at java.base/java.util.concurrent.RecursiveAction.exec(RecursiveAction.java:194)
[info] 	at java.base/java.util.concurrent.ForkJoinTask.doExec(ForkJoinTask.java:511)
[info] 	at java.base/java.util.concurrent.ForkJoinPool$WorkQueue.topLevelExec(ForkJoinPool.java:1450)
[info] 	at java.base/java.util.concurrent.ForkJoinPool.runWorker(ForkJoinPool.java:2019)
[info] 	at java.base/java.util.concurrent.ForkJoinWorkerThread.run(ForkJoinWorkerThread.java:187)
[info] !!!!!!! Cycle 54 failed with exception: java.util.concurrent.CompletionException: java.sql.SQLTransientConnectionException: HikariPool-1 - Connection is not available, request timed out after 90004ms (total=15, active=15, idle=0, waiting=13). Retrying in 60s.
[error] java.util.concurrent.CompletionException: java.sql.SQLTransientConnectionException: HikariPool-1 - Connection is not available, request timed out after 90004ms (total=15, active=15, idle=0, waiting=13)
[error] 	at com.github.benmanes.caffeine.cache.LocalLoadingCache.lambda$newMappingFunction$0(LocalLoadingCache.java:192)
[error] 	at com.github.benmanes.caffeine.cache.BoundedLocalCache.lambda$doComputeIfAbsent$0(BoundedLocalCache.java:2707)
[error] 	at java.base/java.util.concurrent.ConcurrentHashMap.compute(ConcurrentHashMap.java:1932)
[error] 	at com.github.benmanes.caffeine.cache.BoundedLocalCache.doComputeIfAbsent(BoundedLocalCache.java:2705)
[error] 	at com.github.benmanes.caffeine.cache.BoundedLocalCache.computeIfAbsent(BoundedLocalCache.java:2686)
[error] 	at com.github.benmanes.caffeine.cache.LocalCache.computeIfAbsent(LocalCache.java:112)
[error] 	at com.github.benmanes.caffeine.cache.LocalLoadingCache.get(LocalLoadingCache.java:60)
[error] 	at com.patson.util.AirplaneOwnershipCache$.getOwnershipInfo(AirplaneOwnershipCache.scala:12)
[error] 	at com.patson.model.airplane.AirplaneMaintenanceUtil$.$anonfun$getMaintenanceFactor$1(AirplaneMaintenanceUtil.scala:11)
[error] 	at scala.runtime.java8.JFunction0$mcD$sp.apply(JFunction0$mcD$sp.scala:17)
[error] 	at scala.Option.getOrElse(Option.scala:201)
[error] 	at com.patson.model.airplane.AirplaneMaintenanceUtil$.getMaintenanceFactor(AirplaneMaintenanceUtil.scala:11)
[error] 	at com.patson.LinkSimulation$.computeLinkAndLoungeConsumptionDetail(LinkSimulation.scala:351)
[error] 	at com.patson.LinkSimulation$.$anonfun$linkSimulation$24(LinkSimulation.scala:157)
[error] 	at scala.collection.parallel.AugmentedIterableIterator.map2combiner(RemainsIterator.scala:107)
[error] 	at scala.collection.parallel.AugmentedIterableIterator.map2combiner$(RemainsIterator.scala:104)
[error] 	at scala.collection.parallel.immutable.ParVector$ParVectorIterator.map2combiner(ParVector.scala:70)
[error] 	at scala.collection.parallel.ParIterableLike$Map.leaf(ParIterableLike.scala:1020)
[error] 	at scala.collection.parallel.Task.$anonfun$tryLeaf$1(Tasks.scala:52)
[error] 	at scala.runtime.java8.JFunction0$mcV$sp.apply(JFunction0$mcV$sp.scala:18)
[error] 	at scala.util.control.Breaks$$anon$1.catchBreak(Breaks.scala:97)
[error] 	at scala.collection.parallel.Task.tryLeaf(Tasks.scala:55)
[error] 	at scala.collection.parallel.Task.tryLeaf$(Tasks.scala:49)
[error] 	at scala.collection.parallel.ParIterableLike$Map.tryLeaf(ParIterableLike.scala:1017)
[error] 	at scala.collection.parallel.AdaptiveWorkStealingTasks$AWSTWrappedTask.internal(Tasks.scala:159)
[error] 	at scala.collection.parallel.AdaptiveWorkStealingTasks$AWSTWrappedTask.internal$(Tasks.scala:156)
[error] 	at scala.collection.parallel.AdaptiveWorkStealingForkJoinTasks$AWSFJTWrappedTask.internal(Tasks.scala:304)
[error] 	at scala.collection.parallel.AdaptiveWorkStealingTasks$AWSTWrappedTask.compute(Tasks.scala:149)
[error] 	at scala.collection.parallel.AdaptiveWorkStealingTasks$AWSTWrappedTask.compute$(Tasks.scala:148)
[error] 	at scala.collection.parallel.AdaptiveWorkStealingForkJoinTasks$AWSFJTWrappedTask.compute(Tasks.scala:304)
[error] 	at java.base/java.util.concurrent.RecursiveAction.exec(RecursiveAction.java:194)
[error] 	at java.base/java.util.concurrent.ForkJoinTask.doExec(ForkJoinTask.java:511)
[error] 	at java.base/java.util.concurrent.ForkJoinPool$WorkQueue.topLevelExec(ForkJoinPool.java:1450)
[error] 	at java.base/java.util.concurrent.ForkJoinPool.runWorker(ForkJoinPool.java:2019)
[error] 	at java.base/java.util.concurrent.ForkJoinWorkerThread.run(ForkJoinWorkerThread.java:187)
[error] 	Suppressed: java.util.concurrent.CompletionException: java.sql.SQLTransientConnectionException: HikariPool-1 - Connection is not available, request timed out after 90004ms (total=15, active=15, idle=0, waiting=0)
[error] 		at com.github.benmanes.caffeine.cache.LocalLoadingCache.lambda$newMappingFunction$0(LocalLoadingCache.java:192)
[error] 		at com.github.benmanes.caffeine.cache.BoundedLocalCache.lambda$doComputeIfAbsent$0(BoundedLocalCache.java:2707)
[error] 		at java.base/java.util.concurrent.ConcurrentHashMap.compute(ConcurrentHashMap.java:1932)
[error] 		at com.github.benmanes.caffeine.cache.BoundedLocalCache.doComputeIfAbsent(BoundedLocalCache.java:2705)
[error] 		at com.github.benmanes.caffeine.cache.BoundedLocalCache.computeIfAbsent(BoundedLocalCache.java:2686)
[error] 		at com.github.benmanes.caffeine.cache.LocalCache.computeIfAbsent(LocalCache.java:112)
[error] 		at com.github.benmanes.caffeine.cache.LocalLoadingCache.get(LocalLoadingCache.java:60)
[error] 		at com.patson.util.AirplaneOwnershipCache$.getOwnershipInfo(AirplaneOwnershipCache.scala:12)
[error] 		at com.patson.model.airplane.AirplaneMaintenanceUtil$.$anonfun$getMaintenanceFactor$1(AirplaneMaintenanceUtil.scala:11)
[error] 		at scala.runtime.java8.JFunction0$mcD$sp.apply(JFunction0$mcD$sp.scala:17)
[error] 		at scala.Option.getOrElse(Option.scala:201)
[error] 		at com.patson.model.airplane.AirplaneMaintenanceUtil$.getMaintenanceFactor(AirplaneMaintenanceUtil.scala:11)
[error] 		at com.patson.LinkSimulation$.computeLinkAndLoungeConsumptionDetail(LinkSimulation.scala:351)
[error] 		at com.patson.LinkSimulation$.$anonfun$linkSimulation$24(LinkSimulation.scala:157)
[error] 		at scala.collection.parallel.AugmentedIterableIterator.map2combiner(RemainsIterator.scala:107)
[error] 		at scala.collection.parallel.AugmentedIterableIterator.map2combiner$(RemainsIterator.scala:104)
[error] 		at scala.collection.parallel.immutable.ParVector$ParVectorIterator.map2combiner(ParVector.scala:70)
[error] 		at scala.collection.parallel.ParIterableLike$Map.leaf(ParIterableLike.scala:1020)
[error] 		at scala.collection.parallel.Task.$anonfun$tryLeaf$1(Tasks.scala:52)
[error] 		at scala.runtime.java8.JFunction0$mcV$sp.apply(JFunction0$mcV$sp.scala:18)
[error] 		at scala.util.control.Breaks$$anon$1.catchBreak(Breaks.scala:97)
[error] 		at scala.collection.parallel.Task.tryLeaf(Tasks.scala:55)
[error] 		at scala.collection.parallel.Task.tryLeaf$(Tasks.scala:49)
[error] 		at scala.collection.parallel.ParIterableLike$Map.tryLeaf(ParIterableLike.scala:1017)
[error] 		at scala.collection.parallel.AdaptiveWorkStealingTasks$AWSTWrappedTask.compute(Tasks.scala:152)
[error] 		... 7 more
[error] 	Caused by: java.sql.SQLTransientConnectionException: HikariPool-1 - Connection is not available, request timed out after 90004ms (total=15, active=15, idle=0, waiting=0)
[error] 		at com.zaxxer.hikari.pool.HikariPool.createTimeoutException(HikariPool.java:686)
[error] 		at com.zaxxer.hikari.pool.HikariPool.getConnection(HikariPool.java:179)
[error] 		at com.zaxxer.hikari.pool.HikariPool.getConnection(HikariPool.java:144)
[error] 		at com.zaxxer.hikari.HikariDataSource.getConnection(HikariDataSource.java:99)
[error] 		at com.patson.data.Meta$.getConnection(Meta.scala:37)
[error] 		at com.patson.data.CycleSource$.loadCycle(CycleSource.scala:9)
[error] 		at com.patson.data.AirplaneSource$.$anonfun$loadAirplanesByQueryString$4(AirplaneSource.scala:41)
[error] 		at scala.util.Using$.resource(Using.scala:296)
[error] 		at com.patson.data.AirplaneSource$.$anonfun$loadAirplanesByQueryString$2(AirplaneSource.scala:39)
[error] 		at scala.util.Using$.resource(Using.scala:296)
[error] 		at com.patson.data.AirplaneSource$.$anonfun$loadAirplanesByQueryString$1(AirplaneSource.scala:35)
[error] 		at scala.util.Using$.resource(Using.scala:296)
[error] 		at com.patson.data.AirplaneSource$.loadAirplanesByQueryString(AirplaneSource.scala:34)
[error] 		at com.patson.data.AirplaneSource$.loadAirplanesCriteria(AirplaneSource.scala:30)
[error] 		at com.patson.data.AirplaneSource$.loadAirplanesByOwner(AirplaneSource.scala:68)
[error] 		at com.patson.util.AirplaneOwnershipCache$SimpleLoader.load(AirplaneOwnershipCache.scala:30)
[error] 		at com.patson.util.AirplaneOwnershipCache$SimpleLoader.load(AirplaneOwnershipCache.scala:28)
[error] 		at com.github.benmanes.caffeine.cache.LocalLoadingCache.lambda$newMappingFunction$0(LocalLoadingCache.java:185)
[error] 		... 31 more
[error] 	Suppressed: java.util.concurrent.CompletionException: java.sql.SQLTransientConnectionException: HikariPool-1 - Connection is not available, request timed out after 90006ms (total=15, active=15, idle=0, waiting=0)
[error] 		... 35 more
[error] 		Suppressed: java.util.concurrent.CompletionException: java.sql.SQLTransientConnectionException: HikariPool-1 - Connection is not available, request timed out after 90005ms (total=15, active=12, idle=5, waiting=0)
[error] 			at com.github.benmanes.caffeine.cache.LocalLoadingCache.lambda$newMappingFunction$0(LocalLoadingCache.java:192)
[error] 			at com.github.benmanes.caffeine.cache.BoundedLocalCache.lambda$doComputeIfAbsent$0(BoundedLocalCache.java:2707)
[error] 			at java.base/java.util.concurrent.ConcurrentHashMap.compute(ConcurrentHashMap.java:1932)
[error] 			at com.github.benmanes.caffeine.cache.BoundedLocalCache.doComputeIfAbsent(BoundedLocalCache.java:2705)
[error] 			at com.github.benmanes.caffeine.cache.BoundedLocalCache.computeIfAbsent(BoundedLocalCache.java:2686)
[error] 			at com.github.benmanes.caffeine.cache.LocalCache.computeIfAbsent(LocalCache.java:112)
[error] 			at com.github.benmanes.caffeine.cache.LocalLoadingCache.get(LocalLoadingCache.java:60)
[error] 			at com.patson.util.AirplaneOwnershipCache$.getOwnershipInfo(AirplaneOwnershipCache.scala:12)
[error] 			at com.patson.model.airplane.AirplaneMaintenanceUtil$.$anonfun$getMaintenanceFactor$1(AirplaneMaintenanceUtil.scala:11)
[error] 			at scala.runtime.java8.JFunction0$mcD$sp.apply(JFunction0$mcD$sp.scala:17)
[error] 			at scala.Option.getOrElse(Option.scala:201)
[error] 			at com.patson.model.airplane.AirplaneMaintenanceUtil$.getMaintenanceFactor(AirplaneMaintenanceUtil.scala:11)
[error] 			at com.patson.LinkSimulation$.computeLinkAndLoungeConsumptionDetail(LinkSimulation.scala:351)
[error] 			at com.patson.LinkSimulation$.$anonfun$linkSimulation$24(LinkSimulation.scala:157)
[error] 			at scala.collection.parallel.AugmentedIterableIterator.map2combiner(RemainsIterator.scala:107)
[error] 			at scala.collection.parallel.AugmentedIterableIterator.map2combiner$(RemainsIterator.scala:104)
[error] 			at scala.collection.parallel.immutable.ParVector$ParVectorIterator.map2combiner(ParVector.scala:70)
[error] 			at scala.collection.parallel.ParIterableLike$Map.leaf(ParIterableLike.scala:1020)
[error] 			at scala.collection.parallel.Task.$anonfun$tryLeaf$1(Tasks.scala:52)
[error] 			at scala.runtime.java8.JFunction0$mcV$sp.apply(JFunction0$mcV$sp.scala:18)
[error] 			at scala.util.control.Breaks$$anon$1.catchBreak(Breaks.scala:97)
[error] 			at scala.collection.parallel.Task.tryLeaf(Tasks.scala:55)
[error] 			at scala.collection.parallel.Task.tryLeaf$(Tasks.scala:49)
[error] 			at scala.collection.parallel.ParIterableLike$Map.tryLeaf(ParIterableLike.scala:1017)
[error] 			at scala.collection.parallel.AdaptiveWorkStealingTasks$AWSTWrappedTask.internal(Tasks.scala:169)
[error] 			... 10 more
[error] 		Caused by: java.sql.SQLTransientConnectionException: HikariPool-1 - Connection is not available, request timed out after 90005ms (total=15, active=12, idle=5, waiting=0)
[error] 			at com.zaxxer.hikari.pool.HikariPool.createTimeoutException(HikariPool.java:686)
[error] 			at com.zaxxer.hikari.pool.HikariPool.getConnection(HikariPool.java:179)
[error] 			at com.zaxxer.hikari.pool.HikariPool.getConnection(HikariPool.java:144)
[error] 			at com.zaxxer.hikari.HikariDataSource.getConnection(HikariDataSource.java:99)
[error] 			at com.patson.data.Meta$.getConnection(Meta.scala:37)
[error] 			at com.patson.data.CycleSource$.loadCycle(CycleSource.scala:9)
[error] 			at com.patson.data.AirplaneSource$.$anonfun$loadAirplanesByQueryString$4(AirplaneSource.scala:41)
[error] 			at scala.util.Using$.resource(Using.scala:296)
[error] 			at com.patson.data.AirplaneSource$.$anonfun$loadAirplanesByQueryString$2(AirplaneSource.scala:39)
[error] 			at scala.util.Using$.resource(Using.scala:296)
[error] 			at com.patson.data.AirplaneSource$.$anonfun$loadAirplanesByQueryString$1(AirplaneSource.scala:35)
[error] 			at scala.util.Using$.resource(Using.scala:296)
[error] 			at com.patson.data.AirplaneSource$.loadAirplanesByQueryString(AirplaneSource.scala:34)
[error] 			at com.patson.data.AirplaneSource$.loadAirplanesCriteria(AirplaneSource.scala:30)
[error] 			at com.patson.data.AirplaneSource$.loadAirplanesByOwner(AirplaneSource.scala:68)
[error] 			at com.patson.util.AirplaneOwnershipCache$SimpleLoader.load(AirplaneOwnershipCache.scala:30)
[error] 			at com.patson.util.AirplaneOwnershipCache$SimpleLoader.load(AirplaneOwnershipCache.scala:28)
[error] 			at com.github.benmanes.caffeine.cache.LocalLoadingCache.lambda$newMappingFunction$0(LocalLoadingCache.java:185)
[error] 			... 34 more
[error] 		Suppressed: java.util.concurrent.CompletionException: java.sql.SQLTransientConnectionException: HikariPool-1 - Connection is not available, request timed out after 90005ms (total=15, active=12, idle=4, waiting=0)
[error] 			at com.github.benmanes.caffeine.cache.LocalLoadingCache.lambda$newMappingFunction$0(LocalLoadingCache.java:192)
[error] 			at com.github.benmanes.caffeine.cache.BoundedLocalCache.lambda$doComputeIfAbsent$0(BoundedLocalCache.java:2707)
[error] 			at java.base/java.util.concurrent.ConcurrentHashMap.compute(ConcurrentHashMap.java:1932)
[error] 			at com.github.benmanes.caffeine.cache.BoundedLocalCache.doComputeIfAbsent(BoundedLocalCache.java:2705)
[error] 			at com.github.benmanes.caffeine.cache.BoundedLocalCache.computeIfAbsent(BoundedLocalCache.java:2686)
[error] 			at com.github.benmanes.caffeine.cache.LocalCache.computeIfAbsent(LocalCache.java:112)
[error] 			at com.github.benmanes.caffeine.cache.LocalLoadingCache.get(LocalLoadingCache.java:60)
[error] 			at com.patson.util.AirplaneOwnershipCache$.getOwnershipInfo(AirplaneOwnershipCache.scala:12)
[error] 			at com.patson.model.airplane.AirplaneMaintenanceUtil$.$anonfun$getMaintenanceFactor$1(AirplaneMaintenanceUtil.scala:11)
[error] 			at scala.runtime.java8.JFunction0$mcD$sp.apply(JFunction0$mcD$sp.scala:17)
[error] 			at scala.Option.getOrElse(Option.scala:201)
[error] 			at com.patson.model.airplane.AirplaneMaintenanceUtil$.getMaintenanceFactor(AirplaneMaintenanceUtil.scala:11)
[error] 			at com.patson.LinkSimulation$.computeLinkAndLoungeConsumptionDetail(LinkSimulation.scala:351)
[error] 			at com.patson.LinkSimulation$.$anonfun$linkSimulation$24(LinkSimulation.scala:157)
[error] 			at scala.collection.parallel.AugmentedIterableIterator.map2combiner(RemainsIterator.scala:107)
[error] 			at scala.collection.parallel.AugmentedIterableIterator.map2combiner$(RemainsIterator.scala:104)
[error] 			at scala.collection.parallel.immutable.ParVector$ParVectorIterator.map2combiner(ParVector.scala:70)
[error] 			at scala.collection.parallel.ParIterableLike$Map.leaf(ParIterableLike.scala:1020)
[error] 			at scala.collection.parallel.Task.$anonfun$tryLeaf$1(Tasks.scala:52)
[error] 			at scala.runtime.java8.JFunction0$mcV$sp.apply(JFunction0$mcV$sp.scala:18)
[error] 			at scala.util.control.Breaks$$anon$1.catchBreak(Breaks.scala:97)
[error] 			at scala.collection.parallel.Task.tryLeaf(Tasks.scala:55)
[error] 			at scala.collection.parallel.Task.tryLeaf$(Tasks.scala:49)
[error] 			at scala.collection.parallel.ParIterableLike$Map.tryLeaf(ParIterableLike.scala:1017)
[error] 			at scala.collection.parallel.AdaptiveWorkStealingTasks$AWSTWrappedTask.internal(Tasks.scala:159)
[error] 			at scala.collection.parallel.AdaptiveWorkStealingTasks$AWSTWrappedTask.internal$(Tasks.scala:156)
[error] 			at scala.collection.parallel.AdaptiveWorkStealingForkJoinTasks$AWSFJTWrappedTask.internal(Tasks.scala:304)
[error] 			at scala.collection.parallel.AdaptiveWorkStealingTasks$AWSTWrappedTask.compute(Tasks.scala:149)
[error] 			at scala.collection.parallel.AdaptiveWorkStealingTasks$AWSTWrappedTask.compute$(Tasks.scala:148)
[error] 			at scala.collection.parallel.AdaptiveWorkStealingForkJoinTasks$AWSFJTWrappedTask.compute(Tasks.scala:304)
[error] 			at java.base/java.util.concurrent.RecursiveAction.exec(RecursiveAction.java:194)
[error] 			at java.base/java.util.concurrent.ForkJoinTask.doExec(ForkJoinTask.java:511)
[error] 			at java.base/java.util.concurrent.ForkJoinPool.helpJoin(ForkJoinPool.java:2304)
[error] 			at java.base/java.util.concurrent.ForkJoinTask.awaitDone(ForkJoinTask.java:499)
[error] 			at java.base/java.util.concurrent.ForkJoinTask.join(ForkJoinTask.java:669)
[error] 			at scala.collection.parallel.ForkJoinTasks$FJTWrappedTask.sync(Tasks.scala:243)
[error] 			at scala.collection.parallel.ForkJoinTasks$FJTWrappedTask.sync$(Tasks.scala:243)
[error] 			at scala.collection.parallel.AdaptiveWorkStealingForkJoinTasks$AWSFJTWrappedTask.sync(Tasks.scala:304)
[error] 			at scala.collection.parallel.AdaptiveWorkStealingTasks$AWSTWrappedTask.internal(Tasks.scala:173)
[error] 			... 10 more
[error] 		Caused by: java.sql.SQLTransientConnectionException: HikariPool-1 - Connection is not available, request timed out after 90005ms (total=15, active=12, idle=4, waiting=0)
[error] 			at com.zaxxer.hikari.pool.HikariPool.createTimeoutException(HikariPool.java:686)
[error] 			at com.zaxxer.hikari.pool.HikariPool.getConnection(HikariPool.java:179)
[error] 			at com.zaxxer.hikari.pool.HikariPool.getConnection(HikariPool.java:144)
[error] 			at com.zaxxer.hikari.HikariDataSource.getConnection(HikariDataSource.java:99)
[error] 			at com.patson.data.Meta$.getConnection(Meta.scala:37)
[error] 			at com.patson.data.CycleSource$.loadCycle(CycleSource.scala:9)
[error] 			at com.patson.data.AirplaneSource$.$anonfun$loadAirplanesByQueryString$4(AirplaneSource.scala:41)
[error] 			at scala.util.Using$.resource(Using.scala:296)
[error] 			at com.patson.data.AirplaneSource$.$anonfun$loadAirplanesByQueryString$2(AirplaneSource.scala:39)
[error] 			at scala.util.Using$.resource(Using.scala:296)
[error] 			at com.patson.data.AirplaneSource$.$anonfun$loadAirplanesByQueryString$1(AirplaneSource.scala:35)
[error] 			at scala.util.Using$.resource(Using.scala:296)
[error] 			at com.patson.data.AirplaneSource$.loadAirplanesByQueryString(AirplaneSource.scala:34)
[error] 			at com.patson.data.AirplaneSource$.loadAirplanesCriteria(AirplaneSource.scala:30)
[error] 			at com.patson.data.AirplaneSource$.loadAirplanesByOwner(AirplaneSource.scala:68)
[error] 			at com.patson.util.AirplaneOwnershipCache$SimpleLoader.load(AirplaneOwnershipCache.scala:30)
[error] 			at com.patson.util.AirplaneOwnershipCache$SimpleLoader.load(AirplaneOwnershipCache.scala:28)
[error] 			at com.github.benmanes.caffeine.cache.LocalLoadingCache.lambda$newMappingFunction$0(LocalLoadingCache.java:185)
[error] 			... 48 more
[error] 		Suppressed: java.util.concurrent.CompletionException: java.sql.SQLTransientConnectionException: HikariPool-1 - Connection is not available, request timed out after 90005ms (total=15, active=15, idle=0, waiting=0)
[error] 			... 35 more
[error] 			Suppressed: java.util.concurrent.CompletionException: java.sql.SQLTransientConnectionException: HikariPool-1 - Connection is not available, request timed out after 90007ms (total=15, active=10, idle=5, waiting=4)
[error] 				... 35 more
[error] 			Caused by: java.sql.SQLTransientConnectionException: HikariPool-1 - Connection is not available, request timed out after 90007ms (total=15, active=10, idle=5, waiting=4)
[error] 				at com.zaxxer.hikari.pool.HikariPool.createTimeoutException(HikariPool.java:686)
[error] 				at com.zaxxer.hikari.pool.HikariPool.getConnection(HikariPool.java:179)
[error] 				at com.zaxxer.hikari.pool.HikariPool.getConnection(HikariPool.java:144)
[error] 				at com.zaxxer.hikari.HikariDataSource.getConnection(HikariDataSource.java:99)
[error] 				at com.patson.data.Meta$.getConnection(Meta.scala:37)
[error] 				at com.patson.data.AirplaneSource$.loadAirplanesByQueryString(AirplaneSource.scala:34)
[error] 				at com.patson.data.AirplaneSource$.loadAirplanesCriteria(AirplaneSource.scala:30)
[error] 				at com.patson.data.AirplaneSource$.loadAirplanesByOwner(AirplaneSource.scala:68)
[error] 				at com.patson.util.AirplaneOwnershipCache$SimpleLoader.load(AirplaneOwnershipCache.scala:30)
[error] 				at com.patson.util.AirplaneOwnershipCache$SimpleLoader.load(AirplaneOwnershipCache.scala:28)
[error] 				at com.github.benmanes.caffeine.cache.LocalLoadingCache.lambda$newMappingFunction$0(LocalLoadingCache.java:185)
[error] 				... 34 more
[error] 		Caused by: java.sql.SQLTransientConnectionException: HikariPool-1 - Connection is not available, request timed out after 90005ms (total=15, active=15, idle=0, waiting=0)
[error] 			at com.zaxxer.hikari.pool.HikariPool.createTimeoutException(HikariPool.java:686)
[error] 			at com.zaxxer.hikari.pool.HikariPool.getConnection(HikariPool.java:179)
[error] 			at com.zaxxer.hikari.pool.HikariPool.getConnection(HikariPool.java:144)
[error] 			at com.zaxxer.hikari.HikariDataSource.getConnection(HikariDataSource.java:99)
[error] 			at com.patson.data.Meta$.getConnection(Meta.scala:37)
[error] 			at com.patson.data.CycleSource$.loadCycle(CycleSource.scala:9)
[error] 			at com.patson.data.AirplaneSource$.$anonfun$loadAirplanesByQueryString$4(AirplaneSource.scala:41)
[error] 			at scala.util.Using$.resource(Using.scala:296)
[error] 			at com.patson.data.AirplaneSource$.$anonfun$loadAirplanesByQueryString$2(AirplaneSource.scala:39)
[error] 			at scala.util.Using$.resource(Using.scala:296)
[error] 			at com.patson.data.AirplaneSource$.$anonfun$loadAirplanesByQueryString$1(AirplaneSource.scala:35)
[error] 			at scala.util.Using$.resource(Using.scala:296)
[error] 			at com.patson.data.AirplaneSource$.loadAirplanesByQueryString(AirplaneSource.scala:34)
[error] 			at com.patson.data.AirplaneSource$.loadAirplanesCriteria(AirplaneSource.scala:30)
[error] 			at com.patson.data.AirplaneSource$.loadAirplanesByOwner(AirplaneSource.scala:68)
[error] 			at com.patson.util.AirplaneOwnershipCache$SimpleLoader.load(AirplaneOwnershipCache.scala:30)
[error] 			at com.patson.util.AirplaneOwnershipCache$SimpleLoader.load(AirplaneOwnershipCache.scala:28)
[error] 			at com.github.benmanes.caffeine.cache.LocalLoadingCache.lambda$newMappingFunction$0(LocalLoadingCache.java:185)
[error] 			... 34 more
[error] 		Suppressed: java.util.concurrent.CompletionException: java.sql.SQLTransientConnectionException: HikariPool-1 - Connection is not available, request timed out after 90005ms (total=15, active=15, idle=0, waiting=0)
[error] 			... 35 more
[error] 			Suppressed: java.util.concurrent.CompletionException: java.sql.SQLTransientConnectionException: HikariPool-1 - Connection is not available, request timed out after 90005ms (total=15, active=15, idle=2, waiting=4)
[error] 				at com.github.benmanes.caffeine.cache.LocalLoadingCache.lambda$newMappingFunction$0(LocalLoadingCache.java:192)
[error] 				at com.github.benmanes.caffeine.cache.BoundedLocalCache.lambda$doComputeIfAbsent$0(BoundedLocalCache.java:2707)
[error] 				at java.base/java.util.concurrent.ConcurrentHashMap.compute(ConcurrentHashMap.java:1932)
[error] 				at com.github.benmanes.caffeine.cache.BoundedLocalCache.doComputeIfAbsent(BoundedLocalCache.java:2705)
[error] 				at com.github.benmanes.caffeine.cache.BoundedLocalCache.computeIfAbsent(BoundedLocalCache.java:2686)
[error] 				at com.github.benmanes.caffeine.cache.LocalCache.computeIfAbsent(LocalCache.java:112)
[error] 				at com.github.benmanes.caffeine.cache.LocalLoadingCache.get(LocalLoadingCache.java:60)
[error] 				at com.patson.util.AirplaneOwnershipCache$.getOwnershipInfo(AirplaneOwnershipCache.scala:12)
[error] 				at com.patson.model.airplane.AirplaneMaintenanceUtil$.$anonfun$getMaintenanceFactor$1(AirplaneMaintenanceUtil.scala:11)
[error] 				at scala.runtime.java8.JFunction0$mcD$sp.apply(JFunction0$mcD$sp.scala:17)
[error] 				at scala.Option.getOrElse(Option.scala:201)
[error] 				at com.patson.model.airplane.AirplaneMaintenanceUtil$.getMaintenanceFactor(AirplaneMaintenanceUtil.scala:11)
[error] 				at com.patson.LinkSimulation$.computeLinkAndLoungeConsumptionDetail(LinkSimulation.scala:351)
[error] 				at com.patson.LinkSimulation$.$anonfun$linkSimulation$24(LinkSimulation.scala:157)
[error] 				at scala.collection.parallel.AugmentedIterableIterator.map2combiner(RemainsIterator.scala:107)
[error] 				at scala.collection.parallel.AugmentedIterableIterator.map2combiner$(RemainsIterator.scala:104)
[error] 				at scala.collection.parallel.immutable.ParVector$ParVectorIterator.map2combiner(ParVector.scala:70)
[error] 				at scala.collection.parallel.ParIterableLike$Map.leaf(ParIterableLike.scala:1020)
[error] 				at scala.collection.parallel.Task.$anonfun$tryLeaf$1(Tasks.scala:52)
[error] 				at scala.runtime.java8.JFunction0$mcV$sp.apply(JFunction0$mcV$sp.scala:18)
[error] 				at scala.util.control.Breaks$$anon$1.catchBreak(Breaks.scala:97)
[error] 				at scala.collection.parallel.Task.tryLeaf(Tasks.scala:55)
[error] 				at scala.collection.parallel.Task.tryLeaf$(Tasks.scala:49)
[error] 				at scala.collection.parallel.ParIterableLike$Map.tryLeaf(ParIterableLike.scala:1017)
[error] 				at scala.collection.parallel.AdaptiveWorkStealingTasks$AWSTWrappedTask.internal(Tasks.scala:169)
[error] 				... 10 more
[error] 			Caused by: java.sql.SQLTransientConnectionException: HikariPool-1 - Connection is not available, request timed out after 90005ms (total=15, active=15, idle=2, waiting=4)
[error] 				at com.zaxxer.hikari.pool.HikariPool.createTimeoutException(HikariPool.java:686)
[error] 				at com.zaxxer.hikari.pool.HikariPool.getConnection(HikariPool.java:179)
[error] 				at com.zaxxer.hikari.pool.HikariPool.getConnection(HikariPool.java:144)
[error] 				at com.zaxxer.hikari.HikariDataSource.getConnection(HikariDataSource.java:99)
[error] 				at com.patson.data.Meta$.getConnection(Meta.scala:37)
[error] 				at com.patson.data.CycleSource$.loadCycle(CycleSource.scala:9)
[error] 				at com.patson.data.AirplaneSource$.$anonfun$loadAirplanesByQueryString$4(AirplaneSource.scala:41)
[error] 				at scala.util.Using$.resource(Using.scala:296)
[error] 				at com.patson.data.AirplaneSource$.$anonfun$loadAirplanesByQueryString$2(AirplaneSource.scala:39)
[error] 				at scala.util.Using$.resource(Using.scala:296)
[error] 				at com.patson.data.AirplaneSource$.$anonfun$loadAirplanesByQueryString$1(AirplaneSource.scala:35)
[error] 				at scala.util.Using$.resource(Using.scala:296)
[error] 				at com.patson.data.AirplaneSource$.loadAirplanesByQueryString(AirplaneSource.scala:34)
[error] 				at com.patson.data.AirplaneSource$.loadAirplanesCriteria(AirplaneSource.scala:30)
[error] 				at com.patson.data.AirplaneSource$.loadAirplanesByOwner(AirplaneSource.scala:68)
[error] 				at com.patson.util.AirplaneOwnershipCache$SimpleLoader.load(AirplaneOwnershipCache.scala:30)
[error] 				at com.patson.util.AirplaneOwnershipCache$SimpleLoader.load(AirplaneOwnershipCache.scala:28)
[error] 				at com.github.benmanes.caffeine.cache.LocalLoadingCache.lambda$newMappingFunction$0(LocalLoadingCache.java:185)
[error] 				... 34 more
[error] 			Suppressed: java.util.concurrent.CompletionException: java.sql.SQLTransientConnectionException: HikariPool-1 - Connection is not available, request timed out after 90005ms (total=15, active=15, idle=4, waiting=4)
[error] 				at com.github.benmanes.caffeine.cache.LocalLoadingCache.lambda$newMappingFunction$0(LocalLoadingCache.java:192)
[error] 				at com.github.benmanes.caffeine.cache.BoundedLocalCache.lambda$doComputeIfAbsent$0(BoundedLocalCache.java:2707)
[error] 				at java.base/java.util.concurrent.ConcurrentHashMap.compute(ConcurrentHashMap.java:1932)
[error] 				at com.github.benmanes.caffeine.cache.BoundedLocalCache.doComputeIfAbsent(BoundedLocalCache.java:2705)
[error] 				at com.github.benmanes.caffeine.cache.BoundedLocalCache.computeIfAbsent(BoundedLocalCache.java:2686)
[error] 				at com.github.benmanes.caffeine.cache.LocalCache.computeIfAbsent(LocalCache.java:112)
[error] 				at com.github.benmanes.caffeine.cache.LocalLoadingCache.get(LocalLoadingCache.java:60)
[error] 				at com.patson.util.AirplaneOwnershipCache$.getOwnershipInfo(AirplaneOwnershipCache.scala:12)
[error] 				at com.patson.model.airplane.AirplaneMaintenanceUtil$.$anonfun$getMaintenanceFactor$1(AirplaneMaintenanceUtil.scala:11)
[error] 				at scala.runtime.java8.JFunction0$mcD$sp.apply(JFunction0$mcD$sp.scala:17)
[error] 				at scala.Option.getOrElse(Option.scala:201)
[error] 				at com.patson.model.airplane.AirplaneMaintenanceUtil$.getMaintenanceFactor(AirplaneMaintenanceUtil.scala:11)
[error] 				at com.patson.LinkSimulation$.computeLinkAndLoungeConsumptionDetail(LinkSimulation.scala:351)
[error] 				at com.patson.LinkSimulation$.$anonfun$linkSimulation$24(LinkSimulation.scala:157)
[error] 				at scala.collection.parallel.AugmentedIterableIterator.map2combiner(RemainsIterator.scala:107)
[error] 				at scala.collection.parallel.AugmentedIterableIterator.map2combiner$(RemainsIterator.scala:104)
[error] 				at scala.collection.parallel.immutable.ParVector$ParVectorIterator.map2combiner(ParVector.scala:70)
[error] 				at scala.collection.parallel.ParIterableLike$Map.leaf(ParIterableLike.scala:1020)
[error] 				at scala.collection.parallel.Task.$anonfun$tryLeaf$1(Tasks.scala:52)
[error] 				at scala.runtime.java8.JFunction0$mcV$sp.apply(JFunction0$mcV$sp.scala:18)
[error] 				at scala.util.control.Breaks$$anon$1.catchBreak(Breaks.scala:97)
[error] 				at scala.collection.parallel.Task.tryLeaf(Tasks.scala:55)
[error] 				at scala.collection.parallel.Task.tryLeaf$(Tasks.scala:49)
[error] 				at scala.collection.parallel.ParIterableLike$Map.tryLeaf(ParIterableLike.scala:1017)
[error] 				at scala.collection.parallel.AdaptiveWorkStealingTasks$AWSTWrappedTask.internal(Tasks.scala:159)
[error] 				at scala.collection.parallel.AdaptiveWorkStealingTasks$AWSTWrappedTask.internal$(Tasks.scala:156)
[error] 				at scala.collection.parallel.AdaptiveWorkStealingForkJoinTasks$AWSFJTWrappedTask.internal(Tasks.scala:304)
[error] 				at scala.collection.parallel.AdaptiveWorkStealingTasks$AWSTWrappedTask.compute(Tasks.scala:149)
[error] 				at scala.collection.parallel.AdaptiveWorkStealingTasks$AWSTWrappedTask.compute$(Tasks.scala:148)
[error] 				at scala.collection.parallel.AdaptiveWorkStealingForkJoinTasks$AWSFJTWrappedTask.compute(Tasks.scala:304)
[error] 				at java.base/java.util.concurrent.RecursiveAction.exec(RecursiveAction.java:194)
[error] 				at java.base/java.util.concurrent.ForkJoinTask.doExec(ForkJoinTask.java:511)
[error] 				at java.base/java.util.concurrent.ForkJoinPool.helpJoin(ForkJoinPool.java:2304)
[error] 				at java.base/java.util.concurrent.ForkJoinTask.awaitDone(ForkJoinTask.java:499)
[error] 				at java.base/java.util.concurrent.ForkJoinTask.join(ForkJoinTask.java:669)
[error] 				at scala.collection.parallel.ForkJoinTasks$FJTWrappedTask.sync(Tasks.scala:243)
[error] 				at scala.collection.parallel.ForkJoinTasks$FJTWrappedTask.sync$(Tasks.scala:243)
[error] 				at scala.collection.parallel.AdaptiveWorkStealingForkJoinTasks$AWSFJTWrappedTask.sync(Tasks.scala:304)
[error] 				at scala.collection.parallel.AdaptiveWorkStealingTasks$AWSTWrappedTask.internal(Tasks.scala:173)
[error] 				... 10 more
[error] 			Caused by: java.sql.SQLTransientConnectionException: HikariPool-1 - Connection is not available, request timed out after 90005ms (total=15, active=15, idle=4, waiting=4)
[error] 				at com.zaxxer.hikari.pool.HikariPool.createTimeoutException(HikariPool.java:686)
[error] 				at com.zaxxer.hikari.pool.HikariPool.getConnection(HikariPool.java:179)
[error] 				at com.zaxxer.hikari.pool.HikariPool.getConnection(HikariPool.java:144)
[error] 				at com.zaxxer.hikari.HikariDataSource.getConnection(HikariDataSource.java:99)
[error] 				at com.patson.data.Meta$.getConnection(Meta.scala:37)
[error] 				at com.patson.data.CycleSource$.loadCycle(CycleSource.scala:9)
[error] 				at com.patson.data.AirplaneSource$.$anonfun$loadAirplanesByQueryString$4(AirplaneSource.scala:41)
[error] 				at scala.util.Using$.resource(Using.scala:296)
[error] 				at com.patson.data.AirplaneSource$.$anonfun$loadAirplanesByQueryString$2(AirplaneSource.scala:39)
[error] 				at scala.util.Using$.resource(Using.scala:296)
[error] 				at com.patson.data.AirplaneSource$.$anonfun$loadAirplanesByQueryString$1(AirplaneSource.scala:35)
[error] 				at scala.util.Using$.resource(Using.scala:296)
[error] 				at com.patson.data.AirplaneSource$.loadAirplanesByQueryString(AirplaneSource.scala:34)
[error] 				at com.patson.data.AirplaneSource$.loadAirplanesCriteria(AirplaneSource.scala:30)
[error] 				at com.patson.data.AirplaneSource$.loadAirplanesByOwner(AirplaneSource.scala:68)
[error] 				at com.patson.util.AirplaneOwnershipCache$SimpleLoader.load(AirplaneOwnershipCache.scala:30)
[error] 				at com.patson.util.AirplaneOwnershipCache$SimpleLoader.load(AirplaneOwnershipCache.scala:28)
[error] 				at com.github.benmanes.caffeine.cache.LocalLoadingCache.lambda$newMappingFunction$0(LocalLoadingCache.java:185)
[error] 				... 48 more
[error] 		Caused by: java.sql.SQLTransientConnectionException: HikariPool-1 - Connection is not available, request timed out after 90005ms (total=15, active=15, idle=0, waiting=0)
[error] 			at com.zaxxer.hikari.pool.HikariPool.createTimeoutException(HikariPool.java:686)
[error] 			at com.zaxxer.hikari.pool.HikariPool.getConnection(HikariPool.java:179)
[error] 			at com.zaxxer.hikari.pool.HikariPool.getConnection(HikariPool.java:144)
[error] 			at com.zaxxer.hikari.HikariDataSource.getConnection(HikariDataSource.java:99)
[error] 			at com.patson.data.Meta$.getConnection(Meta.scala:37)
[error] 			at com.patson.data.CycleSource$.loadCycle(CycleSource.scala:9)
[error] 			at com.patson.data.AirplaneSource$.$anonfun$loadAirplanesByQueryString$4(AirplaneSource.scala:41)
[error] 			at scala.util.Using$.resource(Using.scala:296)
[error] 			at com.patson.data.AirplaneSource$.$anonfun$loadAirplanesByQueryString$2(AirplaneSource.scala:39)
[error] 			at scala.util.Using$.resource(Using.scala:296)
[error] 			at com.patson.data.AirplaneSource$.$anonfun$loadAirplanesByQueryString$1(AirplaneSource.scala:35)
[error] 			at scala.util.Using$.resource(Using.scala:296)
[error] 			at com.patson.data.AirplaneSource$.loadAirplanesByQueryString(AirplaneSource.scala:34)
[error] 			at com.patson.data.AirplaneSource$.loadAirplanesCriteria(AirplaneSource.scala:30)
[error] 			at com.patson.data.AirplaneSource$.loadAirplanesByOwner(AirplaneSource.scala:68)
[error] 			at com.patson.util.AirplaneOwnershipCache$SimpleLoader.load(AirplaneOwnershipCache.scala:30)
[error] 			at com.patson.util.AirplaneOwnershipCache$SimpleLoader.load(AirplaneOwnershipCache.scala:28)
[error] 			at com.github.benmanes.caffeine.cache.LocalLoadingCache.lambda$newMappingFunction$0(LocalLoadingCache.java:185)
[error] 			... 34 more
[error] 	Caused by: java.sql.SQLTransientConnectionException: HikariPool-1 - Connection is not available, request timed out after 90006ms (total=15, active=15, idle=0, waiting=0)
[error] 		at com.zaxxer.hikari.pool.HikariPool.createTimeoutException(HikariPool.java:686)
[error] 		at com.zaxxer.hikari.pool.HikariPool.getConnection(HikariPool.java:179)
[error] 		at com.zaxxer.hikari.pool.HikariPool.getConnection(HikariPool.java:144)
[error] 		at com.zaxxer.hikari.HikariDataSource.getConnection(HikariDataSource.java:99)
[error] 		at com.patson.data.Meta$.getConnection(Meta.scala:37)
[error] 		at com.patson.data.CycleSource$.loadCycle(CycleSource.scala:9)
[error] 		at com.patson.data.AirplaneSource$.$anonfun$loadAirplanesByQueryString$4(AirplaneSource.scala:41)
[error] 		at scala.util.Using$.resource(Using.scala:296)
[error] 		at com.patson.data.AirplaneSource$.$anonfun$loadAirplanesByQueryString$2(AirplaneSource.scala:39)
[error] 		at scala.util.Using$.resource(Using.scala:296)
[error] 		at com.patson.data.AirplaneSource$.$anonfun$loadAirplanesByQueryString$1(AirplaneSource.scala:35)
[error] 		at scala.util.Using$.resource(Using.scala:296)
[error] 		at com.patson.data.AirplaneSource$.loadAirplanesByQueryString(AirplaneSource.scala:34)
[error] 		at com.patson.data.AirplaneSource$.loadAirplanesCriteria(AirplaneSource.scala:30)
[error] 		at com.patson.data.AirplaneSource$.loadAirplanesByOwner(AirplaneSource.scala:68)
[error] 		at com.patson.util.AirplaneOwnershipCache$SimpleLoader.load(AirplaneOwnershipCache.scala:30)
[error] 		at com.patson.util.AirplaneOwnershipCache$SimpleLoader.load(AirplaneOwnershipCache.scala:28)
[error] 		at com.github.benmanes.caffeine.cache.LocalLoadingCache.lambda$newMappingFunction$0(LocalLoadingCache.java:185)
[error] 		... 34 more
[error] 	Suppressed: java.util.concurrent.CompletionException: java.sql.SQLTransientConnectionException: HikariPool-1 - Connection is not available, request timed out after 90005ms (total=15, active=15, idle=0, waiting=0)
[error] 		... 35 more
[error] 		Suppressed: java.util.concurrent.CompletionException: java.sql.SQLTransientConnectionException: HikariPool-1 - Connection is not available, request timed out after 90005ms (total=15, active=15, idle=5, waiting=2)
[error] 			at com.github.benmanes.caffeine.cache.LocalLoadingCache.lambda$newMappingFunction$0(LocalLoadingCache.java:192)
[error] 			at com.github.benmanes.caffeine.cache.BoundedLocalCache.lambda$doComputeIfAbsent$0(BoundedLocalCache.java:2707)
[error] 			at java.base/java.util.concurrent.ConcurrentHashMap.compute(ConcurrentHashMap.java:1932)
[error] 			at com.github.benmanes.caffeine.cache.BoundedLocalCache.doComputeIfAbsent(BoundedLocalCache.java:2705)
[error] 			at com.github.benmanes.caffeine.cache.BoundedLocalCache.computeIfAbsent(BoundedLocalCache.java:2686)
[error] 			at com.github.benmanes.caffeine.cache.LocalCache.computeIfAbsent(LocalCache.java:112)
[error] 			at com.github.benmanes.caffeine.cache.LocalLoadingCache.get(LocalLoadingCache.java:60)
[error] 			at com.patson.util.AirplaneOwnershipCache$.getOwnershipInfo(AirplaneOwnershipCache.scala:12)
[error] 			at com.patson.model.airplane.AirplaneMaintenanceUtil$.$anonfun$getMaintenanceFactor$1(AirplaneMaintenanceUtil.scala:11)
[error] 			at scala.runtime.java8.JFunction0$mcD$sp.apply(JFunction0$mcD$sp.scala:17)
[error] 			at scala.Option.getOrElse(Option.scala:201)
[error] 			at com.patson.model.airplane.AirplaneMaintenanceUtil$.getMaintenanceFactor(AirplaneMaintenanceUtil.scala:11)
[error] 			at com.patson.LinkSimulation$.computeLinkAndLoungeConsumptionDetail(LinkSimulation.scala:351)
[error] 			at com.patson.LinkSimulation$.$anonfun$linkSimulation$24(LinkSimulation.scala:157)
[error] 			at scala.collection.parallel.AugmentedIterableIterator.map2combiner(RemainsIterator.scala:107)
[error] 			at scala.collection.parallel.AugmentedIterableIterator.map2combiner$(RemainsIterator.scala:104)
[error] 			at scala.collection.parallel.immutable.ParVector$ParVectorIterator.map2combiner(ParVector.scala:70)
[error] 			at scala.collection.parallel.ParIterableLike$Map.leaf(ParIterableLike.scala:1020)
[error] 			at scala.collection.parallel.Task.$anonfun$tryLeaf$1(Tasks.scala:52)
[error] 			at scala.runtime.java8.JFunction0$mcV$sp.apply(JFunction0$mcV$sp.scala:18)
[error] 			at scala.util.control.Breaks$$anon$1.catchBreak(Breaks.scala:97)
[error] 			at scala.collection.parallel.Task.tryLeaf(Tasks.scala:55)
[error] 			at scala.collection.parallel.Task.tryLeaf$(Tasks.scala:49)
[error] 			at scala.collection.parallel.ParIterableLike$Map.tryLeaf(ParIterableLike.scala:1017)
[error] 			at scala.collection.parallel.AdaptiveWorkStealingTasks$AWSTWrappedTask.internal(Tasks.scala:169)
[error] 			... 10 more
[error] 		Caused by: java.sql.SQLTransientConnectionException: HikariPool-1 - Connection is not available, request timed out after 90005ms (total=15, active=15, idle=5, waiting=2)
[error] 			at com.zaxxer.hikari.pool.HikariPool.createTimeoutException(HikariPool.java:686)
[error] 			at com.zaxxer.hikari.pool.HikariPool.getConnection(HikariPool.java:179)
[error] 			at com.zaxxer.hikari.pool.HikariPool.getConnection(HikariPool.java:144)
[error] 			at com.zaxxer.hikari.HikariDataSource.getConnection(HikariDataSource.java:99)
[error] 			at com.patson.data.Meta$.getConnection(Meta.scala:37)
[error] 			at com.patson.data.CycleSource$.loadCycle(CycleSource.scala:9)
[error] 			at com.patson.data.AirplaneSource$.$anonfun$loadAirplanesByQueryString$4(AirplaneSource.scala:41)
[error] 			at scala.util.Using$.resource(Using.scala:296)
[error] 			at com.patson.data.AirplaneSource$.$anonfun$loadAirplanesByQueryString$2(AirplaneSource.scala:39)
[error] 			at scala.util.Using$.resource(Using.scala:296)
[error] 			at com.patson.data.AirplaneSource$.$anonfun$loadAirplanesByQueryString$1(AirplaneSource.scala:35)
[error] 			at scala.util.Using$.resource(Using.scala:296)
[error] 			at com.patson.data.AirplaneSource$.loadAirplanesByQueryString(AirplaneSource.scala:34)
[error] 			at com.patson.data.AirplaneSource$.loadAirplanesCriteria(AirplaneSource.scala:30)
[error] 			at com.patson.data.AirplaneSource$.loadAirplanesByOwner(AirplaneSource.scala:68)
[error] 			at com.patson.util.AirplaneOwnershipCache$SimpleLoader.load(AirplaneOwnershipCache.scala:30)
[error] 			at com.patson.util.AirplaneOwnershipCache$SimpleLoader.load(AirplaneOwnershipCache.scala:28)
[error] 			at com.github.benmanes.caffeine.cache.LocalLoadingCache.lambda$newMappingFunction$0(LocalLoadingCache.java:185)
[error] 			... 34 more
[error] 		Suppressed: java.util.concurrent.CompletionException: java.sql.SQLTransientConnectionException: HikariPool-1 - Connection is not available, request timed out after 90005ms (total=15, active=15, idle=0, waiting=0)
[error] 			... 35 more
[error] 			Suppressed: java.util.concurrent.CompletionException: java.sql.SQLTransientConnectionException: HikariPool-1 - Connection is not available, request timed out after 90005ms (total=15, active=15, idle=0, waiting=0)
[error] 				... 35 more
[error] 				Suppressed: java.util.concurrent.CompletionException: java.sql.SQLTransientConnectionException: HikariPool-1 - Connection is not available, request timed out after 90008ms (total=15, active=15, idle=0, waiting=0)
[error] 					at com.github.benmanes.caffeine.cache.LocalLoadingCache.lambda$newMappingFunction$0(LocalLoadingCache.java:192)
[error] 					at com.github.benmanes.caffeine.cache.BoundedLocalCache.lambda$doComputeIfAbsent$0(BoundedLocalCache.java:2707)
[error] 					at java.base/java.util.concurrent.ConcurrentHashMap.compute(ConcurrentHashMap.java:1932)
[error] 					at com.github.benmanes.caffeine.cache.BoundedLocalCache.doComputeIfAbsent(BoundedLocalCache.java:2705)
[error] 					at com.github.benmanes.caffeine.cache.BoundedLocalCache.computeIfAbsent(BoundedLocalCache.java:2686)
[error] 					at com.github.benmanes.caffeine.cache.LocalCache.computeIfAbsent(LocalCache.java:112)
[error] 					at com.github.benmanes.caffeine.cache.LocalLoadingCache.get(LocalLoadingCache.java:60)
[error] 					at com.patson.util.AirplaneOwnershipCache$.getOwnershipInfo(AirplaneOwnershipCache.scala:12)
[error] 					at com.patson.model.airplane.AirplaneMaintenanceUtil$.$anonfun$getMaintenanceFactor$1(AirplaneMaintenanceUtil.scala:11)
[error] 					at scala.runtime.java8.JFunction0$mcD$sp.apply(JFunction0$mcD$sp.scala:17)
[error] 					at scala.Option.getOrElse(Option.scala:201)
[error] 					at com.patson.model.airplane.AirplaneMaintenanceUtil$.getMaintenanceFactor(AirplaneMaintenanceUtil.scala:11)
[error] 					at com.patson.LinkSimulation$.computeLinkAndLoungeConsumptionDetail(LinkSimulation.scala:351)
[error] 					at com.patson.LinkSimulation$.$anonfun$linkSimulation$24(LinkSimulation.scala:157)
[error] 					at scala.collection.parallel.AugmentedIterableIterator.map2combiner(RemainsIterator.scala:107)
[error] 					at scala.collection.parallel.AugmentedIterableIterator.map2combiner$(RemainsIterator.scala:104)
[error] 					at scala.collection.parallel.immutable.ParVector$ParVectorIterator.map2combiner(ParVector.scala:70)
[error] 					at scala.collection.parallel.ParIterableLike$Map.leaf(ParIterableLike.scala:1020)
[error] 					at scala.collection.parallel.Task.$anonfun$tryLeaf$1(Tasks.scala:52)
[error] 					at scala.runtime.java8.JFunction0$mcV$sp.apply(JFunction0$mcV$sp.scala:18)
[error] 					at scala.util.control.Breaks$$anon$1.catchBreak(Breaks.scala:97)
[error] 					at scala.collection.parallel.Task.tryLeaf(Tasks.scala:55)
[error] 					at scala.collection.parallel.Task.tryLeaf$(Tasks.scala:49)
[error] 					at scala.collection.parallel.ParIterableLike$Map.tryLeaf(ParIterableLike.scala:1017)
[error] 					at scala.collection.parallel.AdaptiveWorkStealingTasks$AWSTWrappedTask.compute(Tasks.scala:152)
[error] 					... 7 more
[error] 				Caused by: java.sql.SQLTransientConnectionException: HikariPool-1 - Connection is not available, request timed out after 90008ms (total=15, active=15, idle=0, waiting=0)
[error] 					at com.zaxxer.hikari.pool.HikariPool.createTimeoutException(HikariPool.java:686)
[error] 					at com.zaxxer.hikari.pool.HikariPool.getConnection(HikariPool.java:179)
[error] 					at com.zaxxer.hikari.pool.HikariPool.getConnection(HikariPool.java:144)
[error] 					at com.zaxxer.hikari.HikariDataSource.getConnection(HikariDataSource.java:99)
[error] 					at com.patson.data.Meta$.getConnection(Meta.scala:37)
[error] 					at com.patson.data.AirplaneSource$.loadAirplanesByQueryString(AirplaneSource.scala:34)
[error] 					at com.patson.data.AirplaneSource$.loadAirplanesCriteria(AirplaneSource.scala:30)
[error] 					at com.patson.data.AirplaneSource$.loadAirplanesByOwner(AirplaneSource.scala:68)
[error] 					at com.patson.util.AirplaneOwnershipCache$SimpleLoader.load(AirplaneOwnershipCache.scala:30)
[error] 					at com.patson.util.AirplaneOwnershipCache$SimpleLoader.load(AirplaneOwnershipCache.scala:28)
[error] 					at com.github.benmanes.caffeine.cache.LocalLoadingCache.lambda$newMappingFunction$0(LocalLoadingCache.java:185)
[error] 					... 31 more
[error] 			Caused by: java.sql.SQLTransientConnectionException: HikariPool-1 - Connection is not available, request timed out after 90005ms (total=15, active=15, idle=0, waiting=0)
[error] 				at com.zaxxer.hikari.pool.HikariPool.createTimeoutException(HikariPool.java:686)
[error] 				at com.zaxxer.hikari.pool.HikariPool.getConnection(HikariPool.java:179)
[error] 				at com.zaxxer.hikari.pool.HikariPool.getConnection(HikariPool.java:144)
[error] 				at com.zaxxer.hikari.HikariDataSource.getConnection(HikariDataSource.java:99)
[error] 				at com.patson.data.Meta$.getConnection(Meta.scala:37)
[error] 				at com.patson.data.CycleSource$.loadCycle(CycleSource.scala:9)
[error] 				at com.patson.data.AirplaneSource$.$anonfun$loadAirplanesByQueryString$4(AirplaneSource.scala:41)
[error] 				at scala.util.Using$.resource(Using.scala:296)
[error] 				at com.patson.data.AirplaneSource$.$anonfun$loadAirplanesByQueryString$2(AirplaneSource.scala:39)
[error] 				at scala.util.Using$.resource(Using.scala:296)
[error] 				at com.patson.data.AirplaneSource$.$anonfun$loadAirplanesByQueryString$1(AirplaneSource.scala:35)
[error] 				at scala.util.Using$.resource(Using.scala:296)
[error] 				at com.patson.data.AirplaneSource$.loadAirplanesByQueryString(AirplaneSource.scala:34)
[error] 				at com.patson.data.AirplaneSource$.loadAirplanesCriteria(AirplaneSource.scala:30)
[error] 				at com.patson.data.AirplaneSource$.loadAirplanesByOwner(AirplaneSource.scala:68)
[error] 				at com.patson.util.AirplaneOwnershipCache$SimpleLoader.load(AirplaneOwnershipCache.scala:30)
[error] 				at com.patson.util.AirplaneOwnershipCache$SimpleLoader.load(AirplaneOwnershipCache.scala:28)
[error] 				at com.github.benmanes.caffeine.cache.LocalLoadingCache.lambda$newMappingFunction$0(LocalLoadingCache.java:185)
[error] 				... 34 more
[error] 			Suppressed: java.util.concurrent.CompletionException: java.sql.SQLTransientConnectionException: HikariPool-1 - Connection is not available, request timed out after 90005ms (total=15, active=15, idle=0, waiting=0)
[error] 				... 35 more
[error] 				Suppressed: java.util.concurrent.CompletionException: java.sql.SQLTransientConnectionException: HikariPool-1 - Connection is not available, request timed out after 90004ms (total=15, active=15, idle=0, waiting=13)
[error] 					... 35 more
[error] 					Suppressed: java.util.concurrent.CompletionException: java.sql.SQLTransientConnectionException: HikariPool-1 - Connection is not available, request timed out after 90004ms (total=15, active=15, idle=0, waiting=0)
[error] 						at com.github.benmanes.caffeine.cache.LocalLoadingCache.lambda$newMappingFunction$0(LocalLoadingCache.java:192)
[error] 						at com.github.benmanes.caffeine.cache.BoundedLocalCache.lambda$doComputeIfAbsent$0(BoundedLocalCache.java:2707)
[error] 						at java.base/java.util.concurrent.ConcurrentHashMap.compute(ConcurrentHashMap.java:1932)
[error] 						at com.github.benmanes.caffeine.cache.BoundedLocalCache.doComputeIfAbsent(BoundedLocalCache.java:2705)
[error] 						at com.github.benmanes.caffeine.cache.BoundedLocalCache.computeIfAbsent(BoundedLocalCache.java:2686)
[error] 						at com.github.benmanes.caffeine.cache.LocalCache.computeIfAbsent(LocalCache.java:112)
[error] 						at com.github.benmanes.caffeine.cache.LocalLoadingCache.get(LocalLoadingCache.java:60)
[error] 						at com.patson.util.AirplaneOwnershipCache$.getOwnershipInfo(AirplaneOwnershipCache.scala:12)
[error] 						at com.patson.model.airplane.AirplaneMaintenanceUtil$.$anonfun$getMaintenanceFactor$1(AirplaneMaintenanceUtil.scala:11)
[error] 						at scala.runtime.java8.JFunction0$mcD$sp.apply(JFunction0$mcD$sp.scala:17)
[error] 						at scala.Option.getOrElse(Option.scala:201)
[error] 						at com.patson.model.airplane.AirplaneMaintenanceUtil$.getMaintenanceFactor(AirplaneMaintenanceUtil.scala:11)
[error] 						at com.patson.LinkSimulation$.computeLinkAndLoungeConsumptionDetail(LinkSimulation.scala:351)
[error] 						at com.patson.LinkSimulation$.$anonfun$linkSimulation$24(LinkSimulation.scala:157)
[error] 						at scala.collection.parallel.AugmentedIterableIterator.map2combiner(RemainsIterator.scala:107)
[error] 						at scala.collection.parallel.AugmentedIterableIterator.map2combiner$(RemainsIterator.scala:104)
[error] 						at scala.collection.parallel.immutable.ParVector$ParVectorIterator.map2combiner(ParVector.scala:70)
[error] 						at scala.collection.parallel.ParIterableLike$Map.leaf(ParIterableLike.scala:1020)
[error] 						at scala.collection.parallel.Task.$anonfun$tryLeaf$1(Tasks.scala:52)
[error] 						at scala.runtime.java8.JFunction0$mcV$sp.apply(JFunction0$mcV$sp.scala:18)
[error] 						at scala.util.control.Breaks$$anon$1.catchBreak(Breaks.scala:97)
[error] 						at scala.collection.parallel.Task.tryLeaf(Tasks.scala:55)
[error] 						at scala.collection.parallel.Task.tryLeaf$(Tasks.scala:49)
[error] 						at scala.collection.parallel.ParIterableLike$Map.tryLeaf(ParIterableLike.scala:1017)
[error] 						at scala.collection.parallel.AdaptiveWorkStealingTasks$AWSTWrappedTask.compute(Tasks.scala:152)
[error] 						... 7 more
[error] 					Caused by: java.sql.SQLTransientConnectionException: HikariPool-1 - Connection is not available, request timed out after 90004ms (total=15, active=15, idle=0, waiting=0)
[error] 						at com.zaxxer.hikari.pool.HikariPool.createTimeoutException(HikariPool.java:686)
[error] 						at com.zaxxer.hikari.pool.HikariPool.getConnection(HikariPool.java:179)
[error] 						at com.zaxxer.hikari.pool.HikariPool.getConnection(HikariPool.java:144)
[error] 						at com.zaxxer.hikari.HikariDataSource.getConnection(HikariDataSource.java:99)
[error] 						at com.patson.data.Meta$.getConnection(Meta.scala:37)
[error] 						at com.patson.data.CycleSource$.loadCycle(CycleSource.scala:9)
[error] 						at com.patson.data.AirplaneSource$.$anonfun$loadAirplanesByQueryString$4(AirplaneSource.scala:41)
[error] 						at scala.util.Using$.resource(Using.scala:296)
[error] 						at com.patson.data.AirplaneSource$.$anonfun$loadAirplanesByQueryString$2(AirplaneSource.scala:39)
[error] 						at scala.util.Using$.resource(Using.scala:296)
[error] 						at com.patson.data.AirplaneSource$.$anonfun$loadAirplanesByQueryString$1(AirplaneSource.scala:35)
[error] 						at scala.util.Using$.resource(Using.scala:296)
[error] 						at com.patson.data.AirplaneSource$.loadAirplanesByQueryString(AirplaneSource.scala:34)
[error] 						at com.patson.data.AirplaneSource$.loadAirplanesCriteria(AirplaneSource.scala:30)
[error] 						at com.patson.data.AirplaneSource$.loadAirplanesByOwner(AirplaneSource.scala:68)
[error] 						at com.patson.util.AirplaneOwnershipCache$SimpleLoader.load(AirplaneOwnershipCache.scala:30)
[error] 						at com.patson.util.AirplaneOwnershipCache$SimpleLoader.load(AirplaneOwnershipCache.scala:28)
[error] 						at com.github.benmanes.caffeine.cache.LocalLoadingCache.lambda$newMappingFunction$0(LocalLoadingCache.java:185)
[error] 						... 31 more
[error] 				Caused by: java.sql.SQLTransientConnectionException: HikariPool-1 - Connection is not available, request timed out after 90004ms (total=15, active=15, idle=0, waiting=13)
[error] 					at com.zaxxer.hikari.pool.HikariPool.createTimeoutException(HikariPool.java:686)
[error] 					at com.zaxxer.hikari.pool.HikariPool.getConnection(HikariPool.java:179)
[error] 					at com.zaxxer.hikari.pool.HikariPool.getConnection(HikariPool.java:144)
[error] 					at com.zaxxer.hikari.HikariDataSource.getConnection(HikariDataSource.java:99)
[error] 					at com.patson.data.Meta$.getConnection(Meta.scala:37)
[error] 					at com.patson.data.CycleSource$.loadCycle(CycleSource.scala:9)
[error] 					at com.patson.data.AirplaneSource$.$anonfun$loadAirplanesByQueryString$4(AirplaneSource.scala:41)
[error] 					at scala.util.Using$.resource(Using.scala:296)
[error] 					at com.patson.data.AirplaneSource$.$anonfun$loadAirplanesByQueryString$2(AirplaneSource.scala:39)
[error] 					at scala.util.Using$.resource(Using.scala:296)
[error] 					at com.patson.data.AirplaneSource$.$anonfun$loadAirplanesByQueryString$1(AirplaneSource.scala:35)
[error] 					at scala.util.Using$.resource(Using.scala:296)
[error] 					at com.patson.data.AirplaneSource$.loadAirplanesByQueryString(AirplaneSource.scala:34)
[error] 					at com.patson.data.AirplaneSource$.loadAirplanesCriteria(AirplaneSource.scala:30)
[error] 					at com.patson.data.AirplaneSource$.loadAirplanesByOwner(AirplaneSource.scala:68)
[error] 					at com.patson.util.AirplaneOwnershipCache$SimpleLoader.load(AirplaneOwnershipCache.scala:30)
[error] 					at com.patson.util.AirplaneOwnershipCache$SimpleLoader.load(AirplaneOwnershipCache.scala:28)
[error] 					at com.github.benmanes.caffeine.cache.LocalLoadingCache.lambda$newMappingFunction$0(LocalLoadingCache.java:185)
[error] 					... 34 more
[error] 			Caused by: java.sql.SQLTransientConnectionException: HikariPool-1 - Connection is not available, request timed out after 90005ms (total=15, active=15, idle=0, waiting=0)
[error] 				at com.zaxxer.hikari.pool.HikariPool.createTimeoutException(HikariPool.java:686)
[error] 				at com.zaxxer.hikari.pool.HikariPool.getConnection(HikariPool.java:179)
[error] 				at com.zaxxer.hikari.pool.HikariPool.getConnection(HikariPool.java:144)
[error] 				at com.zaxxer.hikari.HikariDataSource.getConnection(HikariDataSource.java:99)
[error] 				at com.patson.data.Meta$.getConnection(Meta.scala:37)
[error] 				at com.patson.data.CycleSource$.loadCycle(CycleSource.scala:9)
[error] 				at com.patson.data.AirplaneSource$.$anonfun$loadAirplanesByQueryString$4(AirplaneSource.scala:41)
[error] 				at scala.util.Using$.resource(Using.scala:296)
[error] 				at com.patson.data.AirplaneSource$.$anonfun$loadAirplanesByQueryString$2(AirplaneSource.scala:39)
[error] 				at scala.util.Using$.resource(Using.scala:296)
[error] 				at com.patson.data.AirplaneSource$.$anonfun$loadAirplanesByQueryString$1(AirplaneSource.scala:35)
[error] 				at scala.util.Using$.resource(Using.scala:296)
[error] 				at com.patson.data.AirplaneSource$.loadAirplanesByQueryString(AirplaneSource.scala:34)
[error] 				at com.patson.data.AirplaneSource$.loadAirplanesCriteria(AirplaneSource.scala:30)
[error] 				at com.patson.data.AirplaneSource$.loadAirplanesByOwner(AirplaneSource.scala:68)
[error] 				at com.patson.util.AirplaneOwnershipCache$SimpleLoader.load(AirplaneOwnershipCache.scala:30)
[error] 				at com.patson.util.AirplaneOwnershipCache$SimpleLoader.load(AirplaneOwnershipCache.scala:28)
[error] 				at com.github.benmanes.caffeine.cache.LocalLoadingCache.lambda$newMappingFunction$0(LocalLoadingCache.java:185)
[error] 				... 34 more
[error] 		Caused by: java.sql.SQLTransientConnectionException: HikariPool-1 - Connection is not available, request timed out after 90005ms (total=15, active=15, idle=0, waiting=0)
[error] 			at com.zaxxer.hikari.pool.HikariPool.createTimeoutException(HikariPool.java:686)
[error] 			at com.zaxxer.hikari.pool.HikariPool.getConnection(HikariPool.java:179)
[error] 			at com.zaxxer.hikari.pool.HikariPool.getConnection(HikariPool.java:144)
[error] 			at com.zaxxer.hikari.HikariDataSource.getConnection(HikariDataSource.java:99)
[error] 			at com.patson.data.Meta$.getConnection(Meta.scala:37)
[error] 			at com.patson.data.CycleSource$.loadCycle(CycleSource.scala:9)
[error] 			at com.patson.data.AirplaneSource$.$anonfun$loadAirplanesByQueryString$4(AirplaneSource.scala:41)
[error] 			at scala.util.Using$.resource(Using.scala:296)
[error] 			at com.patson.data.AirplaneSource$.$anonfun$loadAirplanesByQueryString$2(AirplaneSource.scala:39)
[error] 			at scala.util.Using$.resource(Using.scala:296)
[error] 			at com.patson.data.AirplaneSource$.$anonfun$loadAirplanesByQueryString$1(AirplaneSource.scala:35)
[error] 			at scala.util.Using$.resource(Using.scala:296)
[error] 			at com.patson.data.AirplaneSource$.loadAirplanesByQueryString(AirplaneSource.scala:34)
[error] 			at com.patson.data.AirplaneSource$.loadAirplanesCriteria(AirplaneSource.scala:30)
[error] 			at com.patson.data.AirplaneSource$.loadAirplanesByOwner(AirplaneSource.scala:68)
[error] 			at com.patson.util.AirplaneOwnershipCache$SimpleLoader.load(AirplaneOwnershipCache.scala:30)
[error] 			at com.patson.util.AirplaneOwnershipCache$SimpleLoader.load(AirplaneOwnershipCache.scala:28)
[error] 			at com.github.benmanes.caffeine.cache.LocalLoadingCache.lambda$newMappingFunction$0(LocalLoadingCache.java:185)
[error] 			... 34 more
[error] 		Suppressed: java.util.concurrent.CompletionException: java.sql.SQLTransientConnectionException: HikariPool-1 - Connection is not available, request timed out after 90004ms (total=15, active=10, idle=5, waiting=2)
[error] 			... 35 more
[error] 			Suppressed: java.util.concurrent.CompletionException: java.sql.SQLTransientConnectionException: HikariPool-1 - Connection is not available, request timed out after 90005ms (total=15, active=15, idle=0, waiting=0)
[error] 				at com.github.benmanes.caffeine.cache.LocalLoadingCache.lambda$newMappingFunction$0(LocalLoadingCache.java:192)
[error] 				at com.github.benmanes.caffeine.cache.BoundedLocalCache.lambda$doComputeIfAbsent$0(BoundedLocalCache.java:2707)
[error] 				at java.base/java.util.concurrent.ConcurrentHashMap.compute(ConcurrentHashMap.java:1932)
[error] 				at com.github.benmanes.caffeine.cache.BoundedLocalCache.doComputeIfAbsent(BoundedLocalCache.java:2705)
[error] 				at com.github.benmanes.caffeine.cache.BoundedLocalCache.computeIfAbsent(BoundedLocalCache.java:2686)
[error] 				at com.github.benmanes.caffeine.cache.LocalCache.computeIfAbsent(LocalCache.java:112)
[error] 				at com.github.benmanes.caffeine.cache.LocalLoadingCache.get(LocalLoadingCache.java:60)
[error] 				at com.patson.util.AirplaneOwnershipCache$.getOwnershipInfo(AirplaneOwnershipCache.scala:12)
[error] 				at com.patson.model.airplane.AirplaneMaintenanceUtil$.$anonfun$getMaintenanceFactor$1(AirplaneMaintenanceUtil.scala:11)
[error] 				at scala.runtime.java8.JFunction0$mcD$sp.apply(JFunction0$mcD$sp.scala:17)
[error] 				at scala.Option.getOrElse(Option.scala:201)
[error] 				at com.patson.model.airplane.AirplaneMaintenanceUtil$.getMaintenanceFactor(AirplaneMaintenanceUtil.scala:11)
[error] 				at com.patson.LinkSimulation$.computeLinkAndLoungeConsumptionDetail(LinkSimulation.scala:351)
[error] 				at com.patson.LinkSimulation$.$anonfun$linkSimulation$24(LinkSimulation.scala:157)
[error] 				at scala.collection.parallel.AugmentedIterableIterator.map2combiner(RemainsIterator.scala:107)
[error] 				at scala.collection.parallel.AugmentedIterableIterator.map2combiner$(RemainsIterator.scala:104)
[error] 				at scala.collection.parallel.immutable.ParVector$ParVectorIterator.map2combiner(ParVector.scala:70)
[error] 				at scala.collection.parallel.ParIterableLike$Map.leaf(ParIterableLike.scala:1020)
[error] 				at scala.collection.parallel.Task.$anonfun$tryLeaf$1(Tasks.scala:52)
[error] 				at scala.runtime.java8.JFunction0$mcV$sp.apply(JFunction0$mcV$sp.scala:18)
[error] 				at scala.util.control.Breaks$$anon$1.catchBreak(Breaks.scala:97)
[error] 				at scala.collection.parallel.Task.tryLeaf(Tasks.scala:55)
[error] 				at scala.collection.parallel.Task.tryLeaf$(Tasks.scala:49)
[error] 				at scala.collection.parallel.ParIterableLike$Map.tryLeaf(ParIterableLike.scala:1017)
[error] 				at scala.collection.parallel.AdaptiveWorkStealingTasks$AWSTWrappedTask.compute(Tasks.scala:152)
[error] 				... 7 more
[error] 			Caused by: java.sql.SQLTransientConnectionException: HikariPool-1 - Connection is not available, request timed out after 90005ms (total=15, active=15, idle=0, waiting=0)
[error] 				at com.zaxxer.hikari.pool.HikariPool.createTimeoutException(HikariPool.java:686)
[error] 				at com.zaxxer.hikari.pool.HikariPool.getConnection(HikariPool.java:179)
[error] 				at com.zaxxer.hikari.pool.HikariPool.getConnection(HikariPool.java:144)
[error] 				at com.zaxxer.hikari.HikariDataSource.getConnection(HikariDataSource.java:99)
[error] 				at com.patson.data.Meta$.getConnection(Meta.scala:37)
[error] 				at com.patson.data.CycleSource$.loadCycle(CycleSource.scala:9)
[error] 				at com.patson.data.AirplaneSource$.$anonfun$loadAirplanesByQueryString$4(AirplaneSource.scala:41)
[error] 				at scala.util.Using$.resource(Using.scala:296)
[error] 				at com.patson.data.AirplaneSource$.$anonfun$loadAirplanesByQueryString$2(AirplaneSource.scala:39)
[error] 				at scala.util.Using$.resource(Using.scala:296)
[error] 				at com.patson.data.AirplaneSource$.$anonfun$loadAirplanesByQueryString$1(AirplaneSource.scala:35)
[error] 				at scala.util.Using$.resource(Using.scala:296)
[error] 				at com.patson.data.AirplaneSource$.loadAirplanesByQueryString(AirplaneSource.scala:34)
[error] 				at com.patson.data.AirplaneSource$.loadAirplanesCriteria(AirplaneSource.scala:30)
[error] 				at com.patson.data.AirplaneSource$.loadAirplanesByOwner(AirplaneSource.scala:68)
[error] 				at com.patson.util.AirplaneOwnershipCache$SimpleLoader.load(AirplaneOwnershipCache.scala:30)
[error] 				at com.patson.util.AirplaneOwnershipCache$SimpleLoader.load(AirplaneOwnershipCache.scala:28)
[error] 				at com.github.benmanes.caffeine.cache.LocalLoadingCache.lambda$newMappingFunction$0(LocalLoadingCache.java:185)
[error] 				... 31 more
[error] 			Suppressed: java.util.concurrent.CompletionException: java.sql.SQLTransientConnectionException: HikariPool-1 - Connection is not available, request timed out after 90004ms (total=15, active=15, idle=0, waiting=4)
[error] 				... 35 more
[error] 			Caused by: java.sql.SQLTransientConnectionException: HikariPool-1 - Connection is not available, request timed out after 90004ms (total=15, active=15, idle=0, waiting=4)
[error] 				at com.zaxxer.hikari.pool.HikariPool.createTimeoutException(HikariPool.java:686)
[error] 				at com.zaxxer.hikari.pool.HikariPool.getConnection(HikariPool.java:179)
[error] 				at com.zaxxer.hikari.pool.HikariPool.getConnection(HikariPool.java:144)
[error] 				at com.zaxxer.hikari.HikariDataSource.getConnection(HikariDataSource.java:99)
[error] 				at com.patson.data.Meta$.getConnection(Meta.scala:37)
[error] 				at com.patson.data.CycleSource$.loadCycle(CycleSource.scala:9)
[error] 				at com.patson.data.AirplaneSource$.$anonfun$loadAirplanesByQueryString$4(AirplaneSource.scala:41)
[error] 				at scala.util.Using$.resource(Using.scala:296)
[error] 				at com.patson.data.AirplaneSource$.$anonfun$loadAirplanesByQueryString$2(AirplaneSource.scala:39)
[error] 				at scala.util.Using$.resource(Using.scala:296)
[error] 				at com.patson.data.AirplaneSource$.$anonfun$loadAirplanesByQueryString$1(AirplaneSource.scala:35)
[error] 				at scala.util.Using$.resource(Using.scala:296)
[error] 				at com.patson.data.AirplaneSource$.loadAirplanesByQueryString(AirplaneSource.scala:34)
[error] 				at com.patson.data.AirplaneSource$.loadAirplanesCriteria(AirplaneSource.scala:30)
[error] 				at com.patson.data.AirplaneSource$.loadAirplanesByOwner(AirplaneSource.scala:68)
[error] 				at com.patson.util.AirplaneOwnershipCache$SimpleLoader.load(AirplaneOwnershipCache.scala:30)
[error] 				at com.patson.util.AirplaneOwnershipCache$SimpleLoader.load(AirplaneOwnershipCache.scala:28)
[error] 				at com.github.benmanes.caffeine.cache.LocalLoadingCache.lambda$newMappingFunction$0(LocalLoadingCache.java:185)
[error] 				... 34 more
[error] 			Suppressed: java.util.concurrent.CompletionException: java.sql.SQLTransientConnectionException: HikariPool-1 - Connection is not available, request timed out after 90005ms (total=15, active=15, idle=0, waiting=0)
[error] 				... 35 more
[error] 				Suppressed: java.util.concurrent.CompletionException: java.sql.SQLTransientConnectionException: HikariPool-1 - Connection is not available, request timed out after 90005ms (total=15, active=15, idle=0, waiting=11)
[error] 					at com.github.benmanes.caffeine.cache.LocalLoadingCache.lambda$newMappingFunction$0(LocalLoadingCache.java:192)
[error] 					at com.github.benmanes.caffeine.cache.BoundedLocalCache.lambda$doComputeIfAbsent$0(BoundedLocalCache.java:2707)
[error] 					at java.base/java.util.concurrent.ConcurrentHashMap.compute(ConcurrentHashMap.java:1932)
[error] 					at com.github.benmanes.caffeine.cache.BoundedLocalCache.doComputeIfAbsent(BoundedLocalCache.java:2705)
[error] 					at com.github.benmanes.caffeine.cache.BoundedLocalCache.computeIfAbsent(BoundedLocalCache.java:2686)
[error] 					at com.github.benmanes.caffeine.cache.LocalCache.computeIfAbsent(LocalCache.java:112)
[error] 					at com.github.benmanes.caffeine.cache.LocalLoadingCache.get(LocalLoadingCache.java:60)
[error] 					at com.patson.util.AirplaneOwnershipCache$.getOwnershipInfo(AirplaneOwnershipCache.scala:12)
[error] 					at com.patson.model.airplane.AirplaneMaintenanceUtil$.$anonfun$getMaintenanceFactor$1(AirplaneMaintenanceUtil.scala:11)
[error] 					at scala.runtime.java8.JFunction0$mcD$sp.apply(JFunction0$mcD$sp.scala:17)
[error] 					at scala.Option.getOrElse(Option.scala:201)
[error] 					at com.patson.model.airplane.AirplaneMaintenanceUtil$.getMaintenanceFactor(AirplaneMaintenanceUtil.scala:11)
[error] 					at com.patson.LinkSimulation$.computeLinkAndLoungeConsumptionDetail(LinkSimulation.scala:351)
[error] 					at com.patson.LinkSimulation$.$anonfun$linkSimulation$24(LinkSimulation.scala:157)
[error] 					at scala.collection.parallel.AugmentedIterableIterator.map2combiner(RemainsIterator.scala:107)
[error] 					at scala.collection.parallel.AugmentedIterableIterator.map2combiner$(RemainsIterator.scala:104)
[error] 					at scala.collection.parallel.immutable.ParVector$ParVectorIterator.map2combiner(ParVector.scala:70)
[error] 					at scala.collection.parallel.ParIterableLike$Map.leaf(ParIterableLike.scala:1020)
[error] 					at scala.collection.parallel.Task.$anonfun$tryLeaf$1(Tasks.scala:52)
[error] 					at scala.runtime.java8.JFunction0$mcV$sp.apply(JFunction0$mcV$sp.scala:18)
[error] 					at scala.util.control.Breaks$$anon$1.catchBreak(Breaks.scala:97)
[error] 					at scala.collection.parallel.Task.tryLeaf(Tasks.scala:55)
[error] 					at scala.collection.parallel.Task.tryLeaf$(Tasks.scala:49)
[error] 					at scala.collection.parallel.ParIterableLike$Map.tryLeaf(ParIterableLike.scala:1017)
[error] 					at scala.collection.parallel.AdaptiveWorkStealingTasks$AWSTWrappedTask.compute(Tasks.scala:152)
[error] 					... 7 more
[error] 				Caused by: java.sql.SQLTransientConnectionException: HikariPool-1 - Connection is not available, request timed out after 90005ms (total=15, active=15, idle=0, waiting=11)
[error] 					at com.zaxxer.hikari.pool.HikariPool.createTimeoutException(HikariPool.java:686)
[error] 					at com.zaxxer.hikari.pool.HikariPool.getConnection(HikariPool.java:179)
[error] 					at com.zaxxer.hikari.pool.HikariPool.getConnection(HikariPool.java:144)
[error] 					at com.zaxxer.hikari.HikariDataSource.getConnection(HikariDataSource.java:99)
[error] 					at com.patson.data.Meta$.getConnection(Meta.scala:37)
[error] 					at com.patson.data.CycleSource$.loadCycle(CycleSource.scala:9)
[error] 					at com.patson.data.AirplaneSource$.$anonfun$loadAirplanesByQueryString$4(AirplaneSource.scala:41)
[error] 					at scala.util.Using$.resource(Using.scala:296)
[error] 					at com.patson.data.AirplaneSource$.$anonfun$loadAirplanesByQueryString$2(AirplaneSource.scala:39)
[error] 					at scala.util.Using$.resource(Using.scala:296)
[error] 					at com.patson.data.AirplaneSource$.$anonfun$loadAirplanesByQueryString$1(AirplaneSource.scala:35)
[error] 					at scala.util.Using$.resource(Using.scala:296)
[error] 					at com.patson.data.AirplaneSource$.loadAirplanesByQueryString(AirplaneSource.scala:34)
[error] 					at com.patson.data.AirplaneSource$.loadAirplanesCriteria(AirplaneSource.scala:30)
[error] 					at com.patson.data.AirplaneSource$.loadAirplanesByOwner(AirplaneSource.scala:68)
[error] 					at com.patson.util.AirplaneOwnershipCache$SimpleLoader.load(AirplaneOwnershipCache.scala:30)
[error] 					at com.patson.util.AirplaneOwnershipCache$SimpleLoader.load(AirplaneOwnershipCache.scala:28)
[error] 					at com.github.benmanes.caffeine.cache.LocalLoadingCache.lambda$newMappingFunction$0(LocalLoadingCache.java:185)
[error] 					... 31 more
[error] 				Suppressed: java.util.concurrent.CompletionException: java.sql.SQLTransientConnectionException: HikariPool-1 - Connection is not available, request timed out after 90006ms (total=15, active=15, idle=0, waiting=0)
[error] 					at com.github.benmanes.caffeine.cache.LocalLoadingCache.lambda$newMappingFunction$0(LocalLoadingCache.java:192)
[error] 					at com.github.benmanes.caffeine.cache.BoundedLocalCache.lambda$doComputeIfAbsent$0(BoundedLocalCache.java:2707)
[error] 					at java.base/java.util.concurrent.ConcurrentHashMap.compute(ConcurrentHashMap.java:1932)
[error] 					at com.github.benmanes.caffeine.cache.BoundedLocalCache.doComputeIfAbsent(BoundedLocalCache.java:2705)
[error] 					at com.github.benmanes.caffeine.cache.BoundedLocalCache.computeIfAbsent(BoundedLocalCache.java:2686)
[error] 					at com.github.benmanes.caffeine.cache.LocalCache.computeIfAbsent(LocalCache.java:112)
[error] 					at com.github.benmanes.caffeine.cache.LocalLoadingCache.get(LocalLoadingCache.java:60)
[error] 					at com.patson.util.AirplaneOwnershipCache$.getOwnershipInfo(AirplaneOwnershipCache.scala:12)
[error] 					at com.patson.model.airplane.AirplaneMaintenanceUtil$.$anonfun$getMaintenanceFactor$1(AirplaneMaintenanceUtil.scala:11)
[error] 					at scala.runtime.java8.JFunction0$mcD$sp.apply(JFunction0$mcD$sp.scala:17)
[error] 					at scala.Option.getOrElse(Option.scala:201)
[error] 					at com.patson.model.airplane.AirplaneMaintenanceUtil$.getMaintenanceFactor(AirplaneMaintenanceUtil.scala:11)
[error] 					at com.patson.LinkSimulation$.computeLinkAndLoungeConsumptionDetail(LinkSimulation.scala:351)
[error] 					at com.patson.LinkSimulation$.$anonfun$linkSimulation$24(LinkSimulation.scala:157)
[error] 					at scala.collection.parallel.AugmentedIterableIterator.map2combiner(RemainsIterator.scala:107)
[error] 					at scala.collection.parallel.AugmentedIterableIterator.map2combiner$(RemainsIterator.scala:104)
[error] 					at scala.collection.parallel.immutable.ParVector$ParVectorIterator.map2combiner(ParVector.scala:70)
[error] 					at scala.collection.parallel.ParIterableLike$Map.leaf(ParIterableLike.scala:1020)
[error] 					at scala.collection.parallel.Task.$anonfun$tryLeaf$1(Tasks.scala:52)
[error] 					at scala.runtime.java8.JFunction0$mcV$sp.apply(JFunction0$mcV$sp.scala:18)
[error] 					at scala.util.control.Breaks$$anon$1.catchBreak(Breaks.scala:97)
[error] 					at scala.collection.parallel.Task.tryLeaf(Tasks.scala:55)
[error] 					at scala.collection.parallel.Task.tryLeaf$(Tasks.scala:49)
[error] 					at scala.collection.parallel.ParIterableLike$Map.tryLeaf(ParIterableLike.scala:1017)
[error] 					at scala.collection.parallel.AdaptiveWorkStealingTasks$AWSTWrappedTask.internal(Tasks.scala:159)
[error] 					at scala.collection.parallel.AdaptiveWorkStealingTasks$AWSTWrappedTask.internal$(Tasks.scala:156)
[error] 					at scala.collection.parallel.AdaptiveWorkStealingForkJoinTasks$AWSFJTWrappedTask.internal(Tasks.scala:304)
[error] 					at scala.collection.parallel.AdaptiveWorkStealingTasks$AWSTWrappedTask.compute(Tasks.scala:149)
[error] 					at scala.collection.parallel.AdaptiveWorkStealingTasks$AWSTWrappedTask.compute$(Tasks.scala:148)
[error] 					at scala.collection.parallel.AdaptiveWorkStealingForkJoinTasks$AWSFJTWrappedTask.compute(Tasks.scala:304)
[error] 					at java.base/java.util.concurrent.RecursiveAction.exec(RecursiveAction.java:194)
[error] 					at java.base/java.util.concurrent.ForkJoinTask.doExec(ForkJoinTask.java:511)
[error] 					at java.base/java.util.concurrent.ForkJoinPool.helpJoin(ForkJoinPool.java:2304)
[error] 					at java.base/java.util.concurrent.ForkJoinTask.awaitDone(ForkJoinTask.java:499)
[error] 					at java.base/java.util.concurrent.ForkJoinTask.join(ForkJoinTask.java:669)
[error] 					at scala.collection.parallel.ForkJoinTasks$FJTWrappedTask.sync(Tasks.scala:243)
[error] 					at scala.collection.parallel.ForkJoinTasks$FJTWrappedTask.sync$(Tasks.scala:243)
[error] 					at scala.collection.parallel.AdaptiveWorkStealingForkJoinTasks$AWSFJTWrappedTask.sync(Tasks.scala:304)
[error] 					at scala.collection.parallel.AdaptiveWorkStealingTasks$AWSTWrappedTask.internal(Tasks.scala:173)
[error] 					... 10 more
[error] 					Suppressed: java.util.concurrent.CompletionException: java.sql.SQLTransientConnectionException: HikariPool-1 - Connection is not available, request timed out after 90006ms (total=15, active=15, idle=0, waiting=0)
[error] 						at com.github.benmanes.caffeine.cache.LocalLoadingCache.lambda$newMappingFunction$0(LocalLoadingCache.java:192)
[error] 						at com.github.benmanes.caffeine.cache.BoundedLocalCache.lambda$doComputeIfAbsent$0(BoundedLocalCache.java:2707)
[error] 						at java.base/java.util.concurrent.ConcurrentHashMap.compute(ConcurrentHashMap.java:1932)
[error] 						at com.github.benmanes.caffeine.cache.BoundedLocalCache.doComputeIfAbsent(BoundedLocalCache.java:2705)
[error] 						at com.github.benmanes.caffeine.cache.BoundedLocalCache.computeIfAbsent(BoundedLocalCache.java:2686)
[error] 						at com.github.benmanes.caffeine.cache.LocalCache.computeIfAbsent(LocalCache.java:112)
[error] 						at com.github.benmanes.caffeine.cache.LocalLoadingCache.get(LocalLoadingCache.java:60)
[error] 						at com.patson.util.AirplaneOwnershipCache$.getOwnershipInfo(AirplaneOwnershipCache.scala:12)
[error] 						at com.patson.model.airplane.AirplaneMaintenanceUtil$.$anonfun$getMaintenanceFactor$1(AirplaneMaintenanceUtil.scala:11)
[error] 						at scala.runtime.java8.JFunction0$mcD$sp.apply(JFunction0$mcD$sp.scala:17)
[error] 						at scala.Option.getOrElse(Option.scala:201)
[error] 						at com.patson.model.airplane.AirplaneMaintenanceUtil$.getMaintenanceFactor(AirplaneMaintenanceUtil.scala:11)
[error] 						at com.patson.LinkSimulation$.computeLinkAndLoungeConsumptionDetail(LinkSimulation.scala:351)
[error] 						at com.patson.LinkSimulation$.$anonfun$linkSimulation$24(LinkSimulation.scala:157)
[error] 						at scala.collection.parallel.AugmentedIterableIterator.map2combiner(RemainsIterator.scala:107)
[error] 						at scala.collection.parallel.AugmentedIterableIterator.map2combiner$(RemainsIterator.scala:104)
[error] 						at scala.collection.parallel.immutable.ParVector$ParVectorIterator.map2combiner(ParVector.scala:70)
[error] 						at scala.collection.parallel.ParIterableLike$Map.leaf(ParIterableLike.scala:1020)
[error] 						at scala.collection.parallel.Task.$anonfun$tryLeaf$1(Tasks.scala:52)
[error] 						at scala.runtime.java8.JFunction0$mcV$sp.apply(JFunction0$mcV$sp.scala:18)
[error] 						at scala.util.control.Breaks$$anon$1.catchBreak(Breaks.scala:97)
[error] 						at scala.collection.parallel.Task.tryLeaf(Tasks.scala:55)
[error] 						at scala.collection.parallel.Task.tryLeaf$(Tasks.scala:49)
[error] 						at scala.collection.parallel.ParIterableLike$Map.tryLeaf(ParIterableLike.scala:1017)
[error] 						at scala.collection.parallel.AdaptiveWorkStealingTasks$AWSTWrappedTask.compute(Tasks.scala:152)
[error] 						... 7 more
[error] 					Caused by: java.sql.SQLTransientConnectionException: HikariPool-1 - Connection is not available, request timed out after 90006ms (total=15, active=15, idle=0, waiting=0)
[error] 						at com.zaxxer.hikari.pool.HikariPool.createTimeoutException(HikariPool.java:686)
[error] 						at com.zaxxer.hikari.pool.HikariPool.getConnection(HikariPool.java:179)
[error] 						at com.zaxxer.hikari.pool.HikariPool.getConnection(HikariPool.java:144)
[error] 						at com.zaxxer.hikari.HikariDataSource.getConnection(HikariDataSource.java:99)
[error] 						at com.patson.data.Meta$.getConnection(Meta.scala:37)
[error] 						at com.patson.data.CycleSource$.loadCycle(CycleSource.scala:9)
[error] 						at com.patson.data.AirplaneSource$.$anonfun$loadAirplanesByQueryString$4(AirplaneSource.scala:41)
[error] 						at scala.util.Using$.resource(Using.scala:296)
[error] 						at com.patson.data.AirplaneSource$.$anonfun$loadAirplanesByQueryString$2(AirplaneSource.scala:39)
[error] 						at scala.util.Using$.resource(Using.scala:296)
[error] 						at com.patson.data.AirplaneSource$.$anonfun$loadAirplanesByQueryString$1(AirplaneSource.scala:35)
[error] 						at scala.util.Using$.resource(Using.scala:296)
[error] 						at com.patson.data.AirplaneSource$.loadAirplanesByQueryString(AirplaneSource.scala:34)
[error] 						at com.patson.data.AirplaneSource$.loadAirplanesCriteria(AirplaneSource.scala:30)
[error] 						at com.patson.data.AirplaneSource$.loadAirplanesByOwner(AirplaneSource.scala:68)
[error] 						at com.patson.util.AirplaneOwnershipCache$SimpleLoader.load(AirplaneOwnershipCache.scala:30)
[error] 						at com.patson.util.AirplaneOwnershipCache$SimpleLoader.load(AirplaneOwnershipCache.scala:28)
[error] 						at com.github.benmanes.caffeine.cache.LocalLoadingCache.lambda$newMappingFunction$0(LocalLoadingCache.java:185)
[error] 						... 31 more
[error] 				Caused by: java.sql.SQLTransientConnectionException: HikariPool-1 - Connection is not available, request timed out after 90006ms (total=15, active=15, idle=0, waiting=0)
[error] 					at com.zaxxer.hikari.pool.HikariPool.createTimeoutException(HikariPool.java:686)
[error] 					at com.zaxxer.hikari.pool.HikariPool.getConnection(HikariPool.java:179)
[error] 					at com.zaxxer.hikari.pool.HikariPool.getConnection(HikariPool.java:144)
[error] 					at com.zaxxer.hikari.HikariDataSource.getConnection(HikariDataSource.java:99)
[error] 					at com.patson.data.Meta$.getConnection(Meta.scala:37)
[error] 					at com.patson.data.CycleSource$.loadCycle(CycleSource.scala:9)
[error] 					at com.patson.data.AirplaneSource$.$anonfun$loadAirplanesByQueryString$4(AirplaneSource.scala:41)
[error] 					at scala.util.Using$.resource(Using.scala:296)
[error] 					at com.patson.data.AirplaneSource$.$anonfun$loadAirplanesByQueryString$2(AirplaneSource.scala:39)
[error] 					at scala.util.Using$.resource(Using.scala:296)
[error] 					at com.patson.data.AirplaneSource$.$anonfun$loadAirplanesByQueryString$1(AirplaneSource.scala:35)
[error] 					at scala.util.Using$.resource(Using.scala:296)
[error] 					at com.patson.data.AirplaneSource$.loadAirplanesByQueryString(AirplaneSource.scala:34)
[error] 					at com.patson.data.AirplaneSource$.loadAirplanesCriteria(AirplaneSource.scala:30)
[error] 					at com.patson.data.AirplaneSource$.loadAirplanesByOwner(AirplaneSource.scala:68)
[error] 					at com.patson.util.AirplaneOwnershipCache$SimpleLoader.load(AirplaneOwnershipCache.scala:30)
[error] 					at com.patson.util.AirplaneOwnershipCache$SimpleLoader.load(AirplaneOwnershipCache.scala:28)
[error] 					at com.github.benmanes.caffeine.cache.LocalLoadingCache.lambda$newMappingFunction$0(LocalLoadingCache.java:185)
[error] 					... 48 more
[error] 			Caused by: java.sql.SQLTransientConnectionException: HikariPool-1 - Connection is not available, request timed out after 90005ms (total=15, active=15, idle=0, waiting=0)
[error] 				at com.zaxxer.hikari.pool.HikariPool.createTimeoutException(HikariPool.java:686)
[error] 				at com.zaxxer.hikari.pool.HikariPool.getConnection(HikariPool.java:179)
[error] 				at com.zaxxer.hikari.pool.HikariPool.getConnection(HikariPool.java:144)
[error] 				at com.zaxxer.hikari.HikariDataSource.getConnection(HikariDataSource.java:99)
[error] 				at com.patson.data.Meta$.getConnection(Meta.scala:37)
[error] 				at com.patson.data.CycleSource$.loadCycle(CycleSource.scala:9)
[error] 				at com.patson.data.AirplaneSource$.$anonfun$loadAirplanesByQueryString$4(AirplaneSource.scala:41)
[error] 				at scala.util.Using$.resource(Using.scala:296)
[error] 				at com.patson.data.AirplaneSource$.$anonfun$loadAirplanesByQueryString$2(AirplaneSource.scala:39)
[error] 				at scala.util.Using$.resource(Using.scala:296)
[error] 				at com.patson.data.AirplaneSource$.$anonfun$loadAirplanesByQueryString$1(AirplaneSource.scala:35)
[error] 				at scala.util.Using$.resource(Using.scala:296)
[error] 				at com.patson.data.AirplaneSource$.loadAirplanesByQueryString(AirplaneSource.scala:34)
[error] 				at com.patson.data.AirplaneSource$.loadAirplanesCriteria(AirplaneSource.scala:30)
[error] 				at com.patson.data.AirplaneSource$.loadAirplanesByOwner(AirplaneSource.scala:68)
[error] 				at com.patson.util.AirplaneOwnershipCache$SimpleLoader.load(AirplaneOwnershipCache.scala:30)
[error] 				at com.patson.util.AirplaneOwnershipCache$SimpleLoader.load(AirplaneOwnershipCache.scala:28)
[error] 				at com.github.benmanes.caffeine.cache.LocalLoadingCache.lambda$newMappingFunction$0(LocalLoadingCache.java:185)
[error] 				... 34 more
[error] 			Suppressed: java.util.concurrent.CompletionException: java.sql.SQLTransientConnectionException: HikariPool-1 - Connection is not available, request timed out after 90005ms (total=15, active=15, idle=0, waiting=0)
[error] 				... 35 more
[error] 				Suppressed: java.util.concurrent.CompletionException: java.sql.SQLTransientConnectionException: HikariPool-1 - Connection is not available, request timed out after 90005ms (total=15, active=15, idle=0, waiting=12)
[error] 					at com.github.benmanes.caffeine.cache.LocalLoadingCache.lambda$newMappingFunction$0(LocalLoadingCache.java:192)
[error] 					at com.github.benmanes.caffeine.cache.BoundedLocalCache.lambda$doComputeIfAbsent$0(BoundedLocalCache.java:2707)
[error] 					at java.base/java.util.concurrent.ConcurrentHashMap.compute(ConcurrentHashMap.java:1932)
[error] 					at com.github.benmanes.caffeine.cache.BoundedLocalCache.doComputeIfAbsent(BoundedLocalCache.java:2705)
[error] 					at com.github.benmanes.caffeine.cache.BoundedLocalCache.computeIfAbsent(BoundedLocalCache.java:2686)
[error] 					at com.github.benmanes.caffeine.cache.LocalCache.computeIfAbsent(LocalCache.java:112)
[error] 					at com.github.benmanes.caffeine.cache.LocalLoadingCache.get(LocalLoadingCache.java:60)
[error] 					at com.patson.util.AirplaneOwnershipCache$.getOwnershipInfo(AirplaneOwnershipCache.scala:12)
[error] 					at com.patson.model.airplane.AirplaneMaintenanceUtil$.$anonfun$getMaintenanceFactor$1(AirplaneMaintenanceUtil.scala:11)
[error] 					at scala.runtime.java8.JFunction0$mcD$sp.apply(JFunction0$mcD$sp.scala:17)
[error] 					at scala.Option.getOrElse(Option.scala:201)
[error] 					at com.patson.model.airplane.AirplaneMaintenanceUtil$.getMaintenanceFactor(AirplaneMaintenanceUtil.scala:11)
[error] 					at com.patson.LinkSimulation$.computeLinkAndLoungeConsumptionDetail(LinkSimulation.scala:351)
[error] 					at com.patson.LinkSimulation$.$anonfun$linkSimulation$24(LinkSimulation.scala:157)
[error] 					at scala.collection.parallel.AugmentedIterableIterator.map2combiner(RemainsIterator.scala:107)
[error] 					at scala.collection.parallel.AugmentedIterableIterator.map2combiner$(RemainsIterator.scala:104)
[error] 					at scala.collection.parallel.immutable.ParVector$ParVectorIterator.map2combiner(ParVector.scala:70)
[error] 					at scala.collection.parallel.ParIterableLike$Map.leaf(ParIterableLike.scala:1020)
[error] 					at scala.collection.parallel.Task.$anonfun$tryLeaf$1(Tasks.scala:52)
[error] 					at scala.runtime.java8.JFunction0$mcV$sp.apply(JFunction0$mcV$sp.scala:18)
[error] 					at scala.util.control.Breaks$$anon$1.catchBreak(Breaks.scala:97)
[error] 					at scala.collection.parallel.Task.tryLeaf(Tasks.scala:55)
[error] 					at scala.collection.parallel.Task.tryLeaf$(Tasks.scala:49)
[error] 					at scala.collection.parallel.ParIterableLike$Map.tryLeaf(ParIterableLike.scala:1017)
[error] 					at scala.collection.parallel.AdaptiveWorkStealingTasks$AWSTWrappedTask.internal(Tasks.scala:169)
[error] 					... 10 more
[error] 				Caused by: java.sql.SQLTransientConnectionException: HikariPool-1 - Connection is not available, request timed out after 90005ms (total=15, active=15, idle=0, waiting=12)
[error] 					at com.zaxxer.hikari.pool.HikariPool.createTimeoutException(HikariPool.java:686)
[error] 					at com.zaxxer.hikari.pool.HikariPool.getConnection(HikariPool.java:179)
[error] 					at com.zaxxer.hikari.pool.HikariPool.getConnection(HikariPool.java:144)
[error] 					at com.zaxxer.hikari.HikariDataSource.getConnection(HikariDataSource.java:99)
[error] 					at com.patson.data.Meta$.getConnection(Meta.scala:37)
[error] 					at com.patson.data.CycleSource$.loadCycle(CycleSource.scala:9)
[error] 					at com.patson.data.AirplaneSource$.$anonfun$loadAirplanesByQueryString$4(AirplaneSource.scala:41)
[error] 					at scala.util.Using$.resource(Using.scala:296)
[error] 					at com.patson.data.AirplaneSource$.$anonfun$loadAirplanesByQueryString$2(AirplaneSource.scala:39)
[error] 					at scala.util.Using$.resource(Using.scala:296)
[error] 					at com.patson.data.AirplaneSource$.$anonfun$loadAirplanesByQueryString$1(AirplaneSource.scala:35)
[error] 					at scala.util.Using$.resource(Using.scala:296)
[error] 					at com.patson.data.AirplaneSource$.loadAirplanesByQueryString(AirplaneSource.scala:34)
[error] 					at com.patson.data.AirplaneSource$.loadAirplanesCriteria(AirplaneSource.scala:30)
[error] 					at com.patson.data.AirplaneSource$.loadAirplanesByOwner(AirplaneSource.scala:68)
[error] 					at com.patson.util.AirplaneOwnershipCache$SimpleLoader.load(AirplaneOwnershipCache.scala:30)
[error] 					at com.patson.util.AirplaneOwnershipCache$SimpleLoader.load(AirplaneOwnershipCache.scala:28)
[error] 					at com.github.benmanes.caffeine.cache.LocalLoadingCache.lambda$newMappingFunction$0(LocalLoadingCache.java:185)
[error] 					... 34 more
[error] 				Suppressed: java.util.concurrent.CompletionException: java.sql.SQLTransientConnectionException: HikariPool-1 - Connection is not available, request timed out after 90006ms (total=15, active=15, idle=0, waiting=0)
[error] 					... 35 more
[error] 					Suppressed: java.util.concurrent.CompletionException: java.sql.SQLTransientConnectionException: HikariPool-1 - Connection is not available, request timed out after 90005ms (total=15, active=15, idle=0, waiting=11)
[error] 						at com.github.benmanes.caffeine.cache.LocalLoadingCache.lambda$newMappingFunction$0(LocalLoadingCache.java:192)
[error] 						at com.github.benmanes.caffeine.cache.BoundedLocalCache.lambda$doComputeIfAbsent$0(BoundedLocalCache.java:2707)
[error] 						at java.base/java.util.concurrent.ConcurrentHashMap.compute(ConcurrentHashMap.java:1932)
[error] 						at com.github.benmanes.caffeine.cache.BoundedLocalCache.doComputeIfAbsent(BoundedLocalCache.java:2705)
[error] 						at com.github.benmanes.caffeine.cache.BoundedLocalCache.computeIfAbsent(BoundedLocalCache.java:2686)
[error] 						at com.github.benmanes.caffeine.cache.LocalCache.computeIfAbsent(LocalCache.java:112)
[error] 						at com.github.benmanes.caffeine.cache.LocalLoadingCache.get(LocalLoadingCache.java:60)
[error] 						at com.patson.util.AirplaneOwnershipCache$.getOwnershipInfo(AirplaneOwnershipCache.scala:12)
[error] 						at com.patson.model.airplane.AirplaneMaintenanceUtil$.$anonfun$getMaintenanceFactor$1(AirplaneMaintenanceUtil.scala:11)
[error] 						at scala.runtime.java8.JFunction0$mcD$sp.apply(JFunction0$mcD$sp.scala:17)
[error] 						at scala.Option.getOrElse(Option.scala:201)
[error] 						at com.patson.model.airplane.AirplaneMaintenanceUtil$.getMaintenanceFactor(AirplaneMaintenanceUtil.scala:11)
[error] 						at com.patson.LinkSimulation$.computeLinkAndLoungeConsumptionDetail(LinkSimulation.scala:351)
[error] 						at com.patson.LinkSimulation$.$anonfun$linkSimulation$24(LinkSimulation.scala:157)
[error] 						at scala.collection.parallel.AugmentedIterableIterator.map2combiner(RemainsIterator.scala:107)
[error] 						at scala.collection.parallel.AugmentedIterableIterator.map2combiner$(RemainsIterator.scala:104)
[error] 						at scala.collection.parallel.immutable.ParVector$ParVectorIterator.map2combiner(ParVector.scala:70)
[error] 						at scala.collection.parallel.ParIterableLike$Map.leaf(ParIterableLike.scala:1020)
[error] 						at scala.collection.parallel.Task.$anonfun$tryLeaf$1(Tasks.scala:52)
[error] 						at scala.runtime.java8.JFunction0$mcV$sp.apply(JFunction0$mcV$sp.scala:18)
[error] 						at scala.util.control.Breaks$$anon$1.catchBreak(Breaks.scala:97)
[error] 						at scala.collection.parallel.Task.tryLeaf(Tasks.scala:55)
[error] 						at scala.collection.parallel.Task.tryLeaf$(Tasks.scala:49)
[error] 						at scala.collection.parallel.ParIterableLike$Map.tryLeaf(ParIterableLike.scala:1017)
[error] 						at scala.collection.parallel.AdaptiveWorkStealingTasks$AWSTWrappedTask.compute(Tasks.scala:152)
[error] 						... 7 more
[error] 					Caused by: java.sql.SQLTransientConnectionException: HikariPool-1 - Connection is not available, request timed out after 90005ms (total=15, active=15, idle=0, waiting=11)
[error] 						at com.zaxxer.hikari.pool.HikariPool.createTimeoutException(HikariPool.java:686)
[error] 						at com.zaxxer.hikari.pool.HikariPool.getConnection(HikariPool.java:179)
[error] 						at com.zaxxer.hikari.pool.HikariPool.getConnection(HikariPool.java:144)
[error] 						at com.zaxxer.hikari.HikariDataSource.getConnection(HikariDataSource.java:99)
[error] 						at com.patson.data.Meta$.getConnection(Meta.scala:37)
[error] 						at com.patson.data.CycleSource$.loadCycle(CycleSource.scala:9)
[error] 						at com.patson.data.AirplaneSource$.$anonfun$loadAirplanesByQueryString$4(AirplaneSource.scala:41)
[error] 						at scala.util.Using$.resource(Using.scala:296)
[error] 						at com.patson.data.AirplaneSource$.$anonfun$loadAirplanesByQueryString$2(AirplaneSource.scala:39)
[error] 						at scala.util.Using$.resource(Using.scala:296)
[error] 						at com.patson.data.AirplaneSource$.$anonfun$loadAirplanesByQueryString$1(AirplaneSource.scala:35)
[error] 						at scala.util.Using$.resource(Using.scala:296)
[error] 						at com.patson.data.AirplaneSource$.loadAirplanesByQueryString(AirplaneSource.scala:34)
[error] 						at com.patson.data.AirplaneSource$.loadAirplanesCriteria(AirplaneSource.scala:30)
[error] 						at com.patson.data.AirplaneSource$.loadAirplanesByOwner(AirplaneSource.scala:68)
[error] 						at com.patson.util.AirplaneOwnershipCache$SimpleLoader.load(AirplaneOwnershipCache.scala:30)
[error] 						at com.patson.util.AirplaneOwnershipCache$SimpleLoader.load(AirplaneOwnershipCache.scala:28)
[error] 						at com.github.benmanes.caffeine.cache.LocalLoadingCache.lambda$newMappingFunction$0(LocalLoadingCache.java:185)
[error] 						... 31 more
[error] 				Caused by: java.sql.SQLTransientConnectionException: HikariPool-1 - Connection is not available, request timed out after 90006ms (total=15, active=15, idle=0, waiting=0)
[error] 					at com.zaxxer.hikari.pool.HikariPool.createTimeoutException(HikariPool.java:686)
[error] 					at com.zaxxer.hikari.pool.HikariPool.getConnection(HikariPool.java:179)
[error] 					at com.zaxxer.hikari.pool.HikariPool.getConnection(HikariPool.java:144)
[error] 					at com.zaxxer.hikari.HikariDataSource.getConnection(HikariDataSource.java:99)
[error] 					at com.patson.data.Meta$.getConnection(Meta.scala:37)
[error] 					at com.patson.data.CycleSource$.loadCycle(CycleSource.scala:9)
[error] 					at com.patson.data.AirplaneSource$.$anonfun$loadAirplanesByQueryString$4(AirplaneSource.scala:41)
[error] 					at scala.util.Using$.resource(Using.scala:296)
[error] 					at com.patson.data.AirplaneSource$.$anonfun$loadAirplanesByQueryString$2(AirplaneSource.scala:39)
[error] 					at scala.util.Using$.resource(Using.scala:296)
[error] 					at com.patson.data.AirplaneSource$.$anonfun$loadAirplanesByQueryString$1(AirplaneSource.scala:35)
[error] 					at scala.util.Using$.resource(Using.scala:296)
[error] 					at com.patson.data.AirplaneSource$.loadAirplanesByQueryString(AirplaneSource.scala:34)
[error] 					at com.patson.data.AirplaneSource$.loadAirplanesCriteria(AirplaneSource.scala:30)
[error] 					at com.patson.data.AirplaneSource$.loadAirplanesByOwner(AirplaneSource.scala:68)
[error] 					at com.patson.util.AirplaneOwnershipCache$SimpleLoader.load(AirplaneOwnershipCache.scala:30)
[error] 					at com.patson.util.AirplaneOwnershipCache$SimpleLoader.load(AirplaneOwnershipCache.scala:28)
[error] 					at com.github.benmanes.caffeine.cache.LocalLoadingCache.lambda$newMappingFunction$0(LocalLoadingCache.java:185)
[error] 					... 34 more
[error] 				Suppressed: java.util.concurrent.CompletionException: java.sql.SQLTransientConnectionException: HikariPool-1 - Connection is not available, request timed out after 90008ms (total=15, active=15, idle=0, waiting=0)
[error] 					... 35 more
[error] 					Suppressed: java.util.concurrent.CompletionException: java.sql.SQLTransientConnectionException: HikariPool-1 - Connection is not available, request timed out after 90004ms (total=15, active=15, idle=0, waiting=5)
[error] 						at com.github.benmanes.caffeine.cache.LocalLoadingCache.lambda$newMappingFunction$0(LocalLoadingCache.java:192)
[error] 						at com.github.benmanes.caffeine.cache.BoundedLocalCache.lambda$doComputeIfAbsent$0(BoundedLocalCache.java:2707)
[error] 						at java.base/java.util.concurrent.ConcurrentHashMap.compute(ConcurrentHashMap.java:1932)
[error] 						at com.github.benmanes.caffeine.cache.BoundedLocalCache.doComputeIfAbsent(BoundedLocalCache.java:2705)
[error] 						at com.github.benmanes.caffeine.cache.BoundedLocalCache.computeIfAbsent(BoundedLocalCache.java:2686)
[error] 						at com.github.benmanes.caffeine.cache.LocalCache.computeIfAbsent(LocalCache.java:112)
[error] 						at com.github.benmanes.caffeine.cache.LocalLoadingCache.get(LocalLoadingCache.java:60)
[error] 						at com.patson.util.AirplaneOwnershipCache$.getOwnershipInfo(AirplaneOwnershipCache.scala:12)
[error] 						at com.patson.model.airplane.AirplaneMaintenanceUtil$.$anonfun$getMaintenanceFactor$1(AirplaneMaintenanceUtil.scala:11)
[error] 						at scala.runtime.java8.JFunction0$mcD$sp.apply(JFunction0$mcD$sp.scala:17)
[error] 						at scala.Option.getOrElse(Option.scala:201)
[error] 						at com.patson.model.airplane.AirplaneMaintenanceUtil$.getMaintenanceFactor(AirplaneMaintenanceUtil.scala:11)
[error] 						at com.patson.LinkSimulation$.computeLinkAndLoungeConsumptionDetail(LinkSimulation.scala:351)
[error] 						at com.patson.LinkSimulation$.$anonfun$linkSimulation$24(LinkSimulation.scala:157)
[error] 						at scala.collection.parallel.AugmentedIterableIterator.map2combiner(RemainsIterator.scala:107)
[error] 						at scala.collection.parallel.AugmentedIterableIterator.map2combiner$(RemainsIterator.scala:104)
[error] 						at scala.collection.parallel.immutable.ParVector$ParVectorIterator.map2combiner(ParVector.scala:70)
[error] 						at scala.collection.parallel.ParIterableLike$Map.leaf(ParIterableLike.scala:1020)
[error] 						at scala.collection.parallel.Task.$anonfun$tryLeaf$1(Tasks.scala:52)
[error] 						at scala.runtime.java8.JFunction0$mcV$sp.apply(JFunction0$mcV$sp.scala:18)
[error] 						at scala.util.control.Breaks$$anon$1.catchBreak(Breaks.scala:97)
[error] 						at scala.collection.parallel.Task.tryLeaf(Tasks.scala:55)
[error] 						at scala.collection.parallel.Task.tryLeaf$(Tasks.scala:49)
[error] 						at scala.collection.parallel.ParIterableLike$Map.tryLeaf(ParIterableLike.scala:1017)
[error] 						at scala.collection.parallel.AdaptiveWorkStealingTasks$AWSTWrappedTask.internal(Tasks.scala:169)
[error] 						... 10 more
[error] 					Caused by: java.sql.SQLTransientConnectionException: HikariPool-1 - Connection is not available, request timed out after 90004ms (total=15, active=15, idle=0, waiting=5)
[error] 						at com.zaxxer.hikari.pool.HikariPool.createTimeoutException(HikariPool.java:686)
[error] 						at com.zaxxer.hikari.pool.HikariPool.getConnection(HikariPool.java:179)
[error] 						at com.zaxxer.hikari.pool.HikariPool.getConnection(HikariPool.java:144)
[error] 						at com.zaxxer.hikari.HikariDataSource.getConnection(HikariDataSource.java:99)
[error] 						at com.patson.data.Meta$.getConnection(Meta.scala:37)
[error] 						at com.patson.data.CycleSource$.loadCycle(CycleSource.scala:9)
[error] 						at com.patson.data.AirplaneSource$.$anonfun$loadAirplanesByQueryString$4(AirplaneSource.scala:41)
[error] 						at scala.util.Using$.resource(Using.scala:296)
[error] 						at com.patson.data.AirplaneSource$.$anonfun$loadAirplanesByQueryString$2(AirplaneSource.scala:39)
[error] 						at scala.util.Using$.resource(Using.scala:296)
[error] 						at com.patson.data.AirplaneSource$.$anonfun$loadAirplanesByQueryString$1(AirplaneSource.scala:35)
[error] 						at scala.util.Using$.resource(Using.scala:296)
[error] 						at com.patson.data.AirplaneSource$.loadAirplanesByQueryString(AirplaneSource.scala:34)
[error] 						at com.patson.data.AirplaneSource$.loadAirplanesCriteria(AirplaneSource.scala:30)
[error] 						at com.patson.data.AirplaneSource$.loadAirplanesByOwner(AirplaneSource.scala:68)
[error] 						at com.patson.util.AirplaneOwnershipCache$SimpleLoader.load(AirplaneOwnershipCache.scala:30)
[error] 						at com.patson.util.AirplaneOwnershipCache$SimpleLoader.load(AirplaneOwnershipCache.scala:28)
[error] 						at com.github.benmanes.caffeine.cache.LocalLoadingCache.lambda$newMappingFunction$0(LocalLoadingCache.java:185)
[error] 						... 34 more
[error] 				Caused by: java.sql.SQLTransientConnectionException: HikariPool-1 - Connection is not available, request timed out after 90008ms (total=15, active=15, idle=0, waiting=0)
[error] 					at com.zaxxer.hikari.pool.HikariPool.createTimeoutException(HikariPool.java:686)
[error] 					at com.zaxxer.hikari.pool.HikariPool.getConnection(HikariPool.java:179)
[error] 					at com.zaxxer.hikari.pool.HikariPool.getConnection(HikariPool.java:144)
[error] 					at com.zaxxer.hikari.HikariDataSource.getConnection(HikariDataSource.java:99)
[error] 					at com.patson.data.Meta$.getConnection(Meta.scala:37)
[error] 					at com.patson.data.AirplaneSource$.loadAirplanesByQueryString(AirplaneSource.scala:34)
[error] 					at com.patson.data.AirplaneSource$.loadAirplanesCriteria(AirplaneSource.scala:30)
[error] 					at com.patson.data.AirplaneSource$.loadAirplanesByOwner(AirplaneSource.scala:68)
[error] 					at com.patson.util.AirplaneOwnershipCache$SimpleLoader.load(AirplaneOwnershipCache.scala:30)
[error] 					at com.patson.util.AirplaneOwnershipCache$SimpleLoader.load(AirplaneOwnershipCache.scala:28)
[error] 					at com.github.benmanes.caffeine.cache.LocalLoadingCache.lambda$newMappingFunction$0(LocalLoadingCache.java:185)
[error] 					... 34 more
[error] 			Caused by: java.sql.SQLTransientConnectionException: HikariPool-1 - Connection is not available, request timed out after 90005ms (total=15, active=15, idle=0, waiting=0)
[error] 				at com.zaxxer.hikari.pool.HikariPool.createTimeoutException(HikariPool.java:686)
[error] 				at com.zaxxer.hikari.pool.HikariPool.getConnection(HikariPool.java:179)
[error] 				at com.zaxxer.hikari.pool.HikariPool.getConnection(HikariPool.java:144)
[error] 				at com.zaxxer.hikari.HikariDataSource.getConnection(HikariDataSource.java:99)
[error] 				at com.patson.data.Meta$.getConnection(Meta.scala:37)
[error] 				at com.patson.data.CycleSource$.loadCycle(CycleSource.scala:9)
[error] 				at com.patson.data.AirplaneSource$.$anonfun$loadAirplanesByQueryString$4(AirplaneSource.scala:41)
[error] 				at scala.util.Using$.resource(Using.scala:296)
[error] 				at com.patson.data.AirplaneSource$.$anonfun$loadAirplanesByQueryString$2(AirplaneSource.scala:39)
[error] 				at scala.util.Using$.resource(Using.scala:296)
[error] 				at com.patson.data.AirplaneSource$.$anonfun$loadAirplanesByQueryString$1(AirplaneSource.scala:35)
[error] 				at scala.util.Using$.resource(Using.scala:296)
[error] 				at com.patson.data.AirplaneSource$.loadAirplanesByQueryString(AirplaneSource.scala:34)
[error] 				at com.patson.data.AirplaneSource$.loadAirplanesCriteria(AirplaneSource.scala:30)
[error] 				at com.patson.data.AirplaneSource$.loadAirplanesByOwner(AirplaneSource.scala:68)
[error] 				at com.patson.util.AirplaneOwnershipCache$SimpleLoader.load(AirplaneOwnershipCache.scala:30)
[error] 				at com.patson.util.AirplaneOwnershipCache$SimpleLoader.load(AirplaneOwnershipCache.scala:28)
[error] 				at com.github.benmanes.caffeine.cache.LocalLoadingCache.lambda$newMappingFunction$0(LocalLoadingCache.java:185)
[error] 				... 34 more
[error] 		Caused by: java.sql.SQLTransientConnectionException: HikariPool-1 - Connection is not available, request timed out after 90004ms (total=15, active=10, idle=5, waiting=2)
[error] 			at com.zaxxer.hikari.pool.HikariPool.createTimeoutException(HikariPool.java:686)
[error] 			at com.zaxxer.hikari.pool.HikariPool.getConnection(HikariPool.java:179)
[error] 			at com.zaxxer.hikari.pool.HikariPool.getConnection(HikariPool.java:144)
[error] 			at com.zaxxer.hikari.HikariDataSource.getConnection(HikariDataSource.java:99)
[error] 			at com.patson.data.Meta$.getConnection(Meta.scala:37)
[error] 			at com.patson.data.CycleSource$.loadCycle(CycleSource.scala:9)
[error] 			at com.patson.data.AirplaneSource$.$anonfun$loadAirplanesByQueryString$4(AirplaneSource.scala:41)
[error] 			at scala.util.Using$.resource(Using.scala:296)
[error] 			at com.patson.data.AirplaneSource$.$anonfun$loadAirplanesByQueryString$2(AirplaneSource.scala:39)
[error] 			at scala.util.Using$.resource(Using.scala:296)
[error] 			at com.patson.data.AirplaneSource$.$anonfun$loadAirplanesByQueryString$1(AirplaneSource.scala:35)
[error] 			at scala.util.Using$.resource(Using.scala:296)
[error] 			at com.patson.data.AirplaneSource$.loadAirplanesByQueryString(AirplaneSource.scala:34)
[error] 			at com.patson.data.AirplaneSource$.loadAirplanesCriteria(AirplaneSource.scala:30)
[error] 			at com.patson.data.AirplaneSource$.loadAirplanesByOwner(AirplaneSource.scala:68)
[error] 			at com.patson.util.AirplaneOwnershipCache$SimpleLoader.load(AirplaneOwnershipCache.scala:30)
[error] 			at com.patson.util.AirplaneOwnershipCache$SimpleLoader.load(AirplaneOwnershipCache.scala:28)
[error] 			at com.github.benmanes.caffeine.cache.LocalLoadingCache.lambda$newMappingFunction$0(LocalLoadingCache.java:185)
[error] 			... 34 more
[error] 	Caused by: java.sql.SQLTransientConnectionException: HikariPool-1 - Connection is not available, request timed out after 90005ms (total=15, active=15, idle=0, waiting=0)
[error] 		at com.zaxxer.hikari.pool.HikariPool.createTimeoutException(HikariPool.java:686)
[error] 		at com.zaxxer.hikari.pool.HikariPool.getConnection(HikariPool.java:179)
[error] 		at com.zaxxer.hikari.pool.HikariPool.getConnection(HikariPool.java:144)
[error] 		at com.zaxxer.hikari.HikariDataSource.getConnection(HikariDataSource.java:99)
[error] 		at com.patson.data.Meta$.getConnection(Meta.scala:37)
[error] 		at com.patson.data.CycleSource$.loadCycle(CycleSource.scala:9)
[error] 		at com.patson.data.AirplaneSource$.$anonfun$loadAirplanesByQueryString$4(AirplaneSource.scala:41)
[error] 		at scala.util.Using$.resource(Using.scala:296)
[error] 		at com.patson.data.AirplaneSource$.$anonfun$loadAirplanesByQueryString$2(AirplaneSource.scala:39)
[error] 		at scala.util.Using$.resource(Using.scala:296)
[error] 		at com.patson.data.AirplaneSource$.$anonfun$loadAirplanesByQueryString$1(AirplaneSource.scala:35)
[error] 		at scala.util.Using$.resource(Using.scala:296)
[error] 		at com.patson.data.AirplaneSource$.loadAirplanesByQueryString(AirplaneSource.scala:34)
[error] 		at com.patson.data.AirplaneSource$.loadAirplanesCriteria(AirplaneSource.scala:30)
[error] 		at com.patson.data.AirplaneSource$.loadAirplanesByOwner(AirplaneSource.scala:68)
[error] 		at com.patson.util.AirplaneOwnershipCache$SimpleLoader.load(AirplaneOwnershipCache.scala:30)
[error] 		at com.patson.util.AirplaneOwnershipCache$SimpleLoader.load(AirplaneOwnershipCache.scala:28)
[error] 		at com.github.benmanes.caffeine.cache.LocalLoadingCache.lambda$newMappingFunction$0(LocalLoadingCache.java:185)
[error] 		... 34 more
[error] Caused by: java.sql.SQLTransientConnectionException: HikariPool-1 - Connection is not available, request timed out after 90004ms (total=15, active=15, idle=0, waiting=13)
[error] 	at com.zaxxer.hikari.pool.HikariPool.createTimeoutException(HikariPool.java:686)
[error] 	at com.zaxxer.hikari.pool.HikariPool.getConnection(HikariPool.java:179)
[error] 	at com.zaxxer.hikari.pool.HikariPool.getConnection(HikariPool.java:144)
[error] 	at com.zaxxer.hikari.HikariDataSource.getConnection(HikariDataSource.java:99)
[error] 	at com.patson.data.Meta$.getConnection(Meta.scala:37)
[error] 	at com.patson.data.CycleSource$.loadCycle(CycleSource.scala:9)
[error] 	at com.patson.data.AirplaneSource$.$anonfun$loadAirplanesByQueryString$4(AirplaneSource.scala:41)
[error] 	at scala.util.Using$.resource(Using.scala:296)
[error] 	at com.patson.data.AirplaneSource$.$anonfun$loadAirplanesByQueryString$2(AirplaneSource.scala:39)
[error] 	at scala.util.Using$.resource(Using.scala:296)
[error] 	at com.patson.data.AirplaneSource$.$anonfun$loadAirplanesByQueryString$1(AirplaneSource.scala:35)
[error] 	at scala.util.Using$.resource(Using.scala:296)
[error] 	at com.patson.data.AirplaneSource$.loadAirplanesByQueryString(AirplaneSource.scala:34)
[error] 	at com.patson.data.AirplaneSource$.loadAirplanesCriteria(AirplaneSource.scala:30)
[error] 	at com.patson.data.AirplaneSource$.loadAirplanesByOwner(AirplaneSource.scala:68)
[error] 	at com.patson.util.AirplaneOwnershipCache$SimpleLoader.load(AirplaneOwnershipCache.scala:30)
[error] 	at com.patson.util.AirplaneOwnershipCache$SimpleLoader.load(AirplaneOwnershipCache.scala:28)
[error] 	at com.github.benmanes.caffeine.cache.LocalLoadingCache.lambda$newMappingFunction$0(LocalLoadingCache.java:185)
[error] 	... 34 more
[info] cycle 54 starting!
[info] Bridge actor: received from simulation that CycleStart(54,1778890252396)
[info] Initializing caches...
[info] Airport cache initialization completed in 3700ms
[info] starting resetting strict threshold - active before Wed Apr 15 21:10:56 GMT-03:00 2026; and generous threshold - active before Wed Apr 15 21:10:56 GMT-03:00 2026
[info] Event simulation
[info] Event simulation done
[info] Bot pricing simulation
[info] [BotPricing] cycle 54: adjusting 3156 bot link prices
[info] Bot pricing simulation done
[info] Link simulation starting
[info] Loading all links
[info] Finished loading all links
[info] Loading airports
[info] Loaded 3614 airports
[info] Generated 2147059 demand chunks from regular/elite demand
[info] Generated 0 event demand chunks
[info] DONE with demand total demand: 32060601
[info] [ParallelConsume] cores=28
[info] Total active airports: 1649
[info] >> Transfer base specs: 0
[info] Map()
[info] Remove demand groups not covered by active airports, before 2147059
[info] After pruning : 1508169
[info] Simple Cost modifiers Map()
[info] Run loop 0 for 1508169 demand chunks
[info] available links: 6639 of 28771
[info] Demand chunks saved for later: 359504
[info] Demand chunks already removed: 638890
[info] Find required routes...Done!
[info] Total passenger groups: 25878
[info] Hops: 3; calculating chunks >= 0 size
[info] ..........10% ..........20% ..........30% ..........40% ..........50% ..........60% ..........70% ..........80% ..........90% ..........100% Done! (10172 ms)
[info] Run loop 1 for 515348 demand chunks
[info] available links: 6031 of 28771
[info] Demand chunks saved for later: 391058
[info] Demand chunks already removed: 1456488
[info] Find required routes...Done!
[info] Total passenger groups: 11379
[info] Hops: 3; calculating chunks >= 8 size
[info] ..........10% ..........20% ..........30% ..........40% ..........50% ..........60% ..........70% ..........80% ..........90% ..........100% Done! (1846 ms)
[info] Run loop 2 for 452367 demand chunks
[info] available links: 6112 of 28771
[info] Demand chunks saved for later: 368140
[info] Demand chunks already removed: 1502313
[info] Find required routes...Done!
[info] Total passenger groups: 8752
[info] Hops: 3; calculating chunks >= 4 size
[info] ..........10% ..........20% ..........30% ..........40% ..........50% ..........60% ..........70% ..........80% ..........90% ..........100% Done! (1424 ms)
[info] Run loop 3 for 422234 demand chunks
[info] available links: 6254 of 28771
[info] Demand chunks saved for later: 359504
[info] Demand chunks already removed: 1525662
[info] Find required routes...Done!
[info] Total passenger groups: 8386
[info] Hops: 3; calculating chunks >= 0 size
[info] ..........10% ..........20% ..........30% ..........40% ..........50% ..........60% ..........70% ..........80% ..........90% ..........100% .Done! (1481 ms)
[info] Run loop 4 for 406898 demand chunks
[info] available links: 5793 of 28771
[info] Demand chunks saved for later: 372870
[info] Demand chunks already removed: 1537104
[info] Find required routes...Done!
[info] Total passenger groups: 4079
[info] Hops: 3; calculating chunks >= 8 size
[info] ..........10% ..........20% ..........30% ..........40% ..........50% ..........60% ..........70% ..........80% ..........90% ..........100% .Done! (636 ms)
[info] Run loop 5 for 401517 demand chunks
[info] available links: 6014 of 28771
[info] Demand chunks saved for later: 48140
[info] Demand chunks already removed: 1541261
[info] Find required routes...Done!
[info] Total passenger groups: 11150
[info] Hops: 4; calculating chunks >= 4 size
[info] ..........10% ..........20% ..........30% ..........40% ..........50% ..........60% ..........70% ..........80% ..........90% ..........100% Done! (2189 ms)
[info] Run loop 6 for 122797 demand chunks
[info] available links: 5904 of 28771
[info] Demand chunks saved for later: 0
[info] Demand chunks already removed: 1775278
[info] Find required routes...Done!
[info] Total passenger groups: 11249
[info] Hops: 4; calculating chunks >= 0 size
[info] ..........10% ..........20% ..........30% ..........40% ..........50% ..........60% ..........70% ..........80% ..........90% ..........100% Done! (2572 ms)
[info] Run loop 7 for 53509 demand chunks
[info] available links: 5176 of 28771
[info] Demand chunks saved for later: 21548
[info] Demand chunks already removed: 1834525
[info] Find required routes...Done!
[info] Total passenger groups: 4492
[info] Hops: 5; calculating chunks >= 8 size
[info] ..........10% ..........20% ..........30% ..........40% ..........50% ..........60% ..........70% ..........80% ..........90% ..........100% ..Done! (684 ms)
[info] Run loop 8 for 43810 demand chunks
[info] available links: 5468 of 28771
[info] Demand chunks saved for later: 6261
[info] Demand chunks already removed: 1842973
[info] Find required routes...Done!
[info] Total passenger groups: 4137
[info] Hops: 5; calculating chunks >= 4 size
[info] ..........10% ..........20% ..........30% ..........40% ..........50% ..........60% ..........70% ..........80% ..........90% ..........100% Done! (842 ms)
[info] Run loop 9 for 36846 demand chunks
[info] available links: 5736 of 28771
[info] Demand chunks saved for later: 0
[info] Demand chunks already removed: 1848858
[info] Find required routes...Done!
[info] Total passenger groups: 5399
[info] Hops: 5; calculating chunks >= 0 size
[info] ..........10% ..........20% ..........30% ..........40% ..........50% ..........60% ..........70% ..........80% ..........90% ..........100% .Done! (1347 ms)
[info] [BookingCheck] PASS (28771 links)
[info] [ParallelConsume] total consume phase: 23779 ms
[info] Total chunks that consume something 266162
[info] Total transported pax 5030439
[info] Total tickets sold 5512457
[info] Total empty seats 1806142
[info] Global load factor 0,75
[info] Total missed pax 26598875
[info] Tallying airline & stats
[info] Tallying flight, airport, country stats
[info] Processing 133190 consumption entries in parallel
[info] Processing airport stats for 1284 airports...
[info] Finished building 1284 airport stats
[info] Saving generated stats to DB
[info] Deleted 0 link statistics records
[info] Saving country market share to DB
[info] Generating Olympics stats
[info] Generated olympics country stats
[info] Saving 133190 consumptions
[info] Rotating tables
[info] Finished rotating tables
[info] Saving missed demand snapshot
[info] Calculating profits by links
[info] Purged link-cancellation notifications with no corresponding links... 0
[info] Calculating Lounge usage
[info] Link simulation done
[info] Airport simulation
[info] starting airport simulation
[info] loading all airports
[info] finished loading all airports
[info] Adjust loyalist by link consumptions
[info] Decaying (update) 4865 loyalists entries
[info] Decaying (deletion) 261 loyalists entries
[info] Updating 4203 loyalists entries
[info] Deleting 1 loyalists entries
[info] Computing loyalist info with 6047 entries
[info] Done computing champions
[info] Checking lounge status
[info] Finished loyalist simulation
[info] Airport simulation done
[info] Alliance simulation
[info] Tallying alliance stats...
[info] Alliance simulation done
[info] Airplane simulation
[info] starting airplane simulation
[info] loading all airplanes
[info] finished loading all airplanes
[info] Finished updating all airplanes expected 3173 actual 3173
[info] Start renewing airplanes
[info] Finished renewing airplanes
[info] Start retiring airplanes
[info] Finished retiring 0 airplanes
[info] Airplane simulation done
[info] Airline simulation
[info] Loaded 28771 links
[info] Loaded 35 airline lists of flight consumptions
[info] Loading done: Took 0s
[info] Rankings done: Generating rankings took 1s
[info] Airline loop: 0/34 (airline 30)
[info] Airline loop complete. Saving airline info
[info] Saving 35 oil consumption entries
[info] Airline simulation done
[info] Airplane model simulation
[info] Airplane model simulation done
[info] Purging link history
[info] Deleted 0 link change history records
[info] Purging airline modifier
[info] >>>>> cycle 54 spent 65 secs
[info] Oil simulation
[info]  pv -2.489999999999995 pp 75.93 v 8.047200733148854 p 83.97720073314886
[info] Loan simulation
[info] Interest   rate simulation [previous rate : 0.14, new rate : 0.135]
[info] Add action points
[info] Post cycle link simulation
[info] Refreshing link capacity and frequency to find discrepancies
[info] Finished loading both the simple and full links
[info] Post cycle done 55
[info] Publish Cycle Complete message
[info] Bridge actor: forwarding CycleCompleted(54,1778890320279) back to pekko://websocketActorSystem@127.0.0.1:2553/user/local-main-actor
[info] Bridge actor: forwarding CycleInfo(54,0.0,1740000) back to pekko://websocketActorSystem@127.0.0.1:2553/user/local-main-actor
[info] Bridge actor: received from simulation that CycleCompleted(54,1778890320279)
